file,defect_status,center_x,center_y,r_000,r_010,r_020,r_030,r_040,r_050,r_060,r_070,r_080,r_090,r_100,r_110,r_120,r_130,r_140,r_150,r_160,r_170,r_180,r_190,r_200,r_210,r_220,r_230,r_240,r_250,r_260,r_270,r_280,r_290,r_300,r_310,r_320,r_330,r_340,r_350
defected/IMG_9183 Top Cup 1 (2).JPG,0,1034.0377197265625,1029.0372314453125,485.0,484.0,485.0,484.0,488.0,489.0,491.0,493.0,496.0,500.0,502.0,498.0,493.0,489.0,487.0,480.0,478.0,474.0,472.0,470.0,470.0,470.0,474.0,479.0,487.0,493.0,500.0,503.0,502.0,499.0,497.0,491.0,485.0,486.0,487.0,485.0
defected/IMG_9186 Top Cup 2 (2).JPG,0,1103.4730224609375,1193.9378662109375,502.0,499.0,496.0,495.0,493.0,491.0,488.0,487.0,486.0,487.0,488.0,492.0,494.0,500.0,503.0,504.0,501.0,493.0,483.0,473.0,468.0,469.0,471.0,472.0,474.0,478.0,482.0,486.0,490.0,495.0,499.0,502.0,503.0,503.0,503.0,502.0
defected/IMG_9189 Top Cup 3 (2).JPG,0,1387.458740234375,1362.732666015625,484.0,485.0,487.0,490.0,493.0,498.0,498.0,499.0,500.0,498.0,490.0,489.0,491.0,488.0,491.0,489.0,488.0,488.0,487.0,487.0,489.0,488.0,490.0,492.0,494.0,497.0,498.0,498.0,497.0,495.0,493.0,489.0,486.0,483.0,484.0,483.0
defected/IMG_9192 Top Cup 4 (2).JPG,0,803.90380859375,1130.2332763671875,497.0,499.0,496.0,497.0,497.0,498.0,500.0,501.0,501.0,503.0,502.0,502.0,501.0,501.0,496.0,488.0,478.0,464.0,448.0,446.0,451.0,455.0,464.0,473.0,479.0,490.0,499.0,503.0,502.0,500.0,500.0,499.0,498.0,498.0,497.0,497.0
defected/IMG_9195 Top Cup 5 (2).JPG,0,1086.8017578125,1125.758544921875,479.0,464.0,452.0,452.0,453.0,459.0,462.0,467.0,473.0,482.0,492.0,500.0,507.0,511.0,507.0,505.0,503.0,499.0,498.0,496.0,490.0,489.0,494.0,496.0,497.0,500.0,502.0,504.0,506.0,506.0,508.0,507.0,508.0,508.0,504.0,495.0
defected/IMG_9198 Top Cup 6 (2).JPG,0,1121.1292724609375,1116.8126220703125,446.0,453.0,462.0,470.0,482.0,499.0,505.0,511.0,512.0,512.0,512.0,512.0,511.0,509.0,509.0,506.0,500.0,496.0,501.0,502.0,502.0,503.0,504.0,506.0,509.0,511.0,514.0,514.0,504.0,492.0,479.0,466.0,454.0,443.0,437.0,440.0
defected/IMG_9201 Top Cup 7 (2).JPG,0,824.8955078125,850.1299438476562,491.0,490.0,487.0,487.0,488.0,489.0,491.0,491.0,494.0,494.0,485.0,479.0,494.0,494.0,497.0,494.0,492.0,489.0,487.0,486.0,485.0,486.0,485.0,487.0,489.0,490.0,492.0,494.0,496.0,496.0,495.0,495.0,495.0,493.0,494.0,495.0
defected/IMG_9204 Top Cup 8 (2).JPG,0,1068.1495361328125,1276.27978515625,489.0,492.0,495.0,497.0,500.0,502.0,504.0,505.0,506.0,505.0,503.0,501.0,498.0,495.0,492.0,491.0,489.0,488.0,486.0,486.0,486.0,489.0,492.0,498.0,501.0,501.0,494.0,482.0,469.0,464.0,468.0,469.0,472.0,475.0,479.0,483.0
defected/IMG_9207 Top Cup 9 (2).JPG,0,1005.3067016601562,1182.8465576171875,491.0,496.0,503.0,508.0,510.0,509.0,506.0,503.0,502.0,499.0,498.0,495.0,494.0,493.0,492.0,493.0,494.0,497.0,496.0,498.0,501.0,505.0,511.0,511.0,506.0,497.0,489.0,482.0,475.0,468.0,466.0,468.0,471.0,474.0,479.0,484.0
defected/IMG_9210 Top Cup 10 (2).JPG,0,1139.7724609375,1405.0478515625,435.0,434.0,442.0,451.0,460.0,471.0,484.0,497.0,510.0,518.0,517.0,512.0,507.0,500.0,496.0,489.0,485.0,482.0,481.0,482.0,484.0,487.0,493.0,496.0,501.0,507.0,513.0,518.0,519.0,515.0,510.0,501.0,486.0,471.0,456.0,440.0
defected/IMG_9213 Top Cup 11 (2).JPG,0,850.0,1209.0,468.0,465.0,470.0,483.0,488.0,491.0,493.0,496.0,500.0,502.0,504.0,504.0,505.0,502.0,501.0,498.0,495.0,491.0,488.0,484.0,482.0,480.0,479.0,480.0,483.0,484.0,489.0,496.0,502.0,508.0,508.0,502.0,495.0,487.0,480.0,474.0
defected/IMG_9216 Top Cup 12 (2).JPG,0,1314.660400390625,1323.7010498046875,492.0,490.0,487.0,484.0,482.0,482.0,483.0,483.0,486.0,489.0,492.0,495.0,499.0,499.0,489.0,482.0,478.0,479.0,479.0,480.0,480.0,481.0,483.0,485.0,488.0,490.0,493.0,496.0,498.0,499.0,500.0,501.0,500.0,499.0,498.0,495.0
defected/IMG_9219 Top Cup 13 (2).JPG,0,967.5,964.0,480.0,474.0,471.0,469.0,470.0,474.0,479.0,485.0,492.0,496.0,497.0,495.0,496.0,496.0,499.0,502.0,504.0,500.0,497.0,494.0,492.0,491.0,491.0,492.0,492.0,492.0,491.0,491.0,491.0,493.0,495.0,498.0,502.0,503.0,496.0,488.0
defected/IMG_9222 Top Cup 14 (2).JPG,0,1089.4959716796875,1001.9150390625,445.0,442.0,443.0,453.0,465.0,478.0,493.0,509.0,517.0,519.0,518.0,516.0,516.0,514.0,510.0,504.0,495.0,488.0,481.0,480.0,479.0,480.0,483.0,488.0,494.0,502.0,509.0,516.0,521.0,513.0,500.0,485.0,474.0,465.0,457.0,448.0
defected/IMG_9225 Top Cup 15 (2).JPG,0,1222.3734130859375,1250.5830078125,467.0,478.0,490.0,503.0,515.0,516.0,512.0,508.0,505.0,501.0,498.0,494.0,490.0,491.0,494.0,495.0,497.0,500.0,503.0,507.0,512.0,515.0,516.0,507.0,497.0,489.0,478.0,471.0,462.0,456.0,452.0,448.0,446.0,442.0,450.0,458.0
defected/IMG_9228 Top Cup 16 (2).JPG,0,1118.4752197265625,1054.0943603515625,463.0,458.0,457.0,460.0,464.0,470.0,478.0,488.0,496.0,508.0,515.0,515.0,510.0,508.0,503.0,497.0,491.0,486.0,483.0,482.0,481.0,482.0,483.0,487.0,490.0,494.0,499.0,504.0,510.0,516.0,514.0,504.0,494.0,486.0,477.0,469.0
defected/IMG_9231 Top Cup 17 (2).JPG,0,999.6666870117188,986.83154296875,469.0,471.0,477.0,484.0,490.0,497.0,500.0,497.0,493.0,488.0,484.0,480.0,477.0,479.0,484.0,490.0,496.0,502.0,505.0,503.0,501.0,498.0,497.0,498.0,499.0,500.0,501.0,504.0,501.0,495.0,487.0,481.0,473.0,467.0,466.0,467.0
defected/IMG_9234 Top Cup 18 (2).JPG,0,976.4178466796875,949.061279296875,486.0,489.0,493.0,498.0,506.0,511.0,515.0,511.0,499.0,485.0,472.0,461.0,452.0,450.0,449.0,450.0,452.0,457.0,463.0,472.0,480.0,490.0,502.0,514.0,517.0,515.0,512.0,508.0,504.0,498.0,493.0,488.0,484.0,480.0,482.0,483.0
defected/IMG_9237 Top Cup 19 (2).JPG,0,973.0682983398438,993.8358764648438,460.0,448.0,437.0,434.0,439.0,444.0,452.0,462.0,473.0,485.0,498.0,506.0,506.0,504.0,501.0,499.0,497.0,496.0,494.0,492.0,492.0,491.0,493.0,496.0,500.0,501.0,504.0,506.0,508.0,508.0,509.0,510.0,508.0,501.0,487.0,472.0
defected/IMG_9240 Top Cup 20 (2).JPG,0,1128.1195068359375,1093.3441162109375,446.0,452.0,460.0,469.0,478.0,490.0,501.0,507.0,504.0,500.0,495.0,490.0,486.0,484.0,484.0,485.0,486.0,488.0,490.0,493.0,495.0,498.0,501.0,504.0,505.0,506.0,507.0,507.0,508.0,506.0,501.0,491.0,479.0,466.0,457.0,450.0
defected/IMG_9243 Top Cup 21 (2).JPG,0,1117.1314697265625,1051.781494140625,468.0,470.0,476.0,482.0,489.0,496.0,500.0,500.0,498.0,494.0,490.0,487.0,484.0,483.0,482.0,483.0,483.0,484.0,485.0,487.0,489.0,491.0,493.0,496.0,499.0,500.0,501.0,502.0,499.0,497.0,493.0,489.0,484.0,479.0,476.0,471.0
defected/IMG_9246 Top Cup 22 (2).JPG,0,936.5,927.5,495.0,502.0,509.0,514.0,509.0,500.0,491.0,483.0,475.0,468.0,460.0,460.0,461.0,465.0,469.0,475.0,483.0,490.0,498.0,507.0,514.0,517.0,514.0,508.0,502.0,496.0,492.0,485.0,481.0,476.0,473.0,469.0,464.0,472.0,479.0,486.0
defected/IMG_9249 Top Cup 23 (2).JPG,0,1252.23583984375,1302.5518798828125,474.0,479.0,484.0,488.0,487.0,488.0,489.0,490.0,493.0,494.0,496.0,496.0,496.0,494.0,492.0,490.0,489.0,487.0,485.0,485.0,485.0,486.0,488.0,490.0,490.0,491.0,493.0,495.0,497.0,500.0,498.0,493.0,484.0,478.0,471.0,468.0
defected/IMG_9252 Top Cup 4 (2).JPG,0,1056.4522705078125,980.2609252929688,476.0,473.0,469.0,465.0,464.0,467.0,471.0,475.0,480.0,487.0,495.0,500.0,502.0,502.0,502.0,501.0,501.0,500.0,500.0,499.0,497.0,494.0,490.0,486.0,483.0,483.0,485.0,486.0,489.0,493.0,497.0,499.0,495.0,489.0,484.0,480.0
defected/IMG_9255 Top Cup 25 (2).JPG,0,1004.0,986.5,498.0,496.0,495.0,494.0,495.0,496.0,497.0,499.0,499.0,499.0,496.0,490.0,483.0,477.0,475.0,471.0,471.0,470.0,468.0,466.0,465.0,466.0,472.0,480.0,491.0,500.0,499.0,498.0,496.0,494.0,494.0,494.0,495.0,496.0,497.0,497.0
defected/IMG_9258 Top Cup 26 (2).JPG,0,876.202880859375,807.94873046875,459.0,465.0,472.0,480.0,490.0,497.0,498.0,497.0,497.0,495.0,494.0,492.0,492.0,493.0,494.0,494.0,494.0,496.0,496.0,498.0,498.0,499.0,499.0,498.0,498.0,497.0,497.0,495.0,494.0,495.0,489.0,480.0,471.0,460.0,452.0,455.0
defected/IMG_9261 Top Cup 27 (2).JPG,0,1199.3101806640625,1148.478759765625,444.0,452.0,460.0,472.0,484.0,497.0,505.0,506.0,506.0,506.0,505.0,504.0,503.0,503.0,502.0,500.0,498.0,497.0,496.0,496.0,495.0,496.0,498.0,500.0,502.0,503.0,505.0,507.0,506.0,495.0,480.0,465.0,452.0,440.0,435.0,438.0
defected/IMG_9264 Top Cup 28 (2).JPG,0,1018.0,1076.0,461.0,468.0,479.0,490.0,501.0,513.0,518.0,514.0,509.0,504.0,498.0,492.0,487.0,484.0,482.0,481.0,481.0,482.0,485.0,489.0,495.0,502.0,510.0,517.0,520.0,514.0,505.0,494.0,483.0,473.0,464.0,455.0,446.0,447.0,449.0,454.0
defected/IMG_9267 Top Cup 29 (2).JPG,0,1287.80224609375,1145.9974365234375,446.0,450.0,455.0,462.0,471.0,481.0,493.0,503.0,510.0,511.0,511.0,510.0,508.0,505.0,502.0,500.0,496.0,492.0,489.0,485.0,482.0,479.0,479.0,478.0,478.0,480.0,482.0,486.0,496.0,504.0,511.0,505.0,492.0,478.0,466.0,455.0
defected/IMG_9270 Top Cup 30 (2).JPG,0,1274.4603271484375,1313.4140625,500.0,499.0,500.0,503.0,505.0,508.0,511.0,506.0,495.0,484.0,475.0,465.0,452.0,439.0,438.0,439.0,442.0,447.0,454.0,461.0,471.0,481.0,491.0,503.0,514.0,509.0,511.0,512.0,513.0,512.0,511.0,511.0,508.0,505.0,503.0,501.0
defected/IMG_9273 Top Cup 31 (2).JPG,0,1460.87158203125,1284.0035400390625,454.0,460.0,467.0,477.0,487.0,499.0,505.0,503.0,503.0,498.0,495.0,491.0,488.0,488.0,491.0,493.0,496.0,500.0,503.0,502.0,503.0,504.0,504.0,504.0,505.0,503.0,502.0,501.0,499.0,494.0,484.0,473.0,463.0,454.0,447.0,448.0
defected/IMG_9276 Top Cup 32 (2).JPG,0,1100.5985107421875,1063.5728759765625,472.0,478.0,482.0,489.0,496.0,503.0,502.0,496.0,492.0,487.0,483.0,480.0,482.0,485.0,486.0,488.0,490.0,494.0,497.0,498.0,500.0,501.0,503.0,504.0,502.0,501.0,498.0,494.0,490.0,488.0,484.0,480.0,476.0,471.0,467.0,470.0
defected/IMG_9279 Top Cup 33 (2).JPG,0,1219.2508544921875,1242.34912109375,503.0,503.0,505.0,507.0,507.0,502.0,493.0,483.0,474.0,466.0,457.0,450.0,445.0,442.0,440.0,444.0,454.0,465.0,477.0,491.0,505.0,511.0,509.0,507.0,506.0,505.0,504.0,503.0,502.0,501.0,499.0,500.0,498.0,498.0,500.0,501.0
defected/IMG_9282 Top Cup 34 (2).JPG,0,1295.1683349609375,1214.55224609375,446.0,453.0,462.0,472.0,484.0,494.0,503.0,506.0,505.0,506.0,506.0,506.0,506.0,506.0,505.0,504.0,502.0,502.0,499.0,498.0,496.0,495.0,495.0,498.0,499.0,502.0,503.0,507.0,505.0,493.0,476.0,462.0,447.0,435.0,436.0,441.0
defected/IMG_9285 Top Cup 35 (2).JPG,0,1248.837646484375,1282.7406005859375,472.0,465.0,459.0,462.0,466.0,474.0,477.0,484.0,490.0,492.0,493.0,494.0,496.0,497.0,497.0,497.0,497.0,494.0,492.0,489.0,488.0,487.0,488.0,490.0,493.0,493.0,492.0,491.0,489.0,490.0,492.0,493.0,497.0,497.0,492.0,482.0
defected/IMG_9288 Top Cup 36 (2).JPG,0,1383.7052001953125,1294.780029296875,462.0,455.0,448.0,444.0,442.0,443.0,452.0,461.0,472.0,485.0,499.0,507.0,505.0,500.0,496.0,494.0,496.0,496.0,498.0,500.0,501.0,503.0,505.0,505.0,505.0,505.0,505.0,506.0,503.0,503.0,503.0,503.0,502.0,493.0,482.0,471.0
defected/IMG_9291. Top Cup 37(2).JPG,0,1110.0654296875,1127.4439697265625,494.0,479.0,472.0,468.0,466.0,467.0,471.0,475.0,481.0,487.0,490.0,492.0,494.0,495.0,496.0,497.0,495.0,496.0,493.0,494.0,493.0,492.0,492.0,494.0,492.0,491.0,490.0,488.0,487.0,486.0,485.0,486.0,486.0,492.0,496.0,500.0
defected/IMG_9294 Top Cup 38 (2).JPG,0,1242.5321044921875,1203.532470703125,475.0,482.0,490.0,496.0,504.0,511.0,510.0,503.0,493.0,486.0,479.0,469.0,469.0,470.0,472.0,475.0,478.0,484.0,490.0,496.0,503.0,507.0,508.0,508.0,506.0,503.0,500.0,496.0,490.0,485.0,480.0,474.0,469.0,467.0,467.0,471.0
defected/IMG_9297 Top Cup 39 (2).JPG,0,1112.603759765625,1170.4332275390625,507.0,497.0,486.0,476.0,468.0,461.0,457.0,455.0,459.0,464.0,468.0,473.0,479.0,486.0,491.0,497.0,501.0,504.0,507.0,505.0,505.0,505.0,503.0,502.0,500.0,498.0,498.0,495.0,493.0,491.0,490.0,490.0,489.0,493.0,501.0,507.0
defected/IMG_9300 Top Cup 40 (2).JPG,0,1191.6756591796875,1171.58642578125,502.0,494.0,482.0,472.0,462.0,456.0,453.0,454.0,456.0,460.0,464.0,472.0,480.0,488.0,497.0,502.0,503.0,502.0,503.0,501.0,501.0,501.0,501.0,502.0,502.0,502.0,501.0,503.0,504.0,503.0,504.0,503.0,502.0,503.0,504.0,503.0
defected/IMG_9303 Top Cup 41 (2).JPG,0,1151.8394775390625,1131.00927734375,470.0,480.0,492.0,500.0,501.0,499.0,498.0,496.0,496.0,495.0,496.0,496.0,498.0,499.0,499.0,500.0,500.0,499.0,500.0,500.0,500.0,500.0,500.0,500.0,500.0,499.0,499.0,497.0,488.0,478.0,468.0,456.0,447.0,447.0,453.0,461.0
defected/IMG_9305 Top Cup 42 (2).JPG,0,1196.6689453125,1200.5753173828125,464.0,459.0,463.0,468.0,474.0,481.0,488.0,491.0,493.0,495.0,496.0,497.0,498.0,498.0,498.0,498.0,498.0,497.0,497.0,495.0,494.0,493.0,492.0,491.0,491.0,489.0,488.0,488.0,488.0,492.0,496.0,502.0,500.0,491.0,481.0,473.0
defected/IMG_9308 Top Cup 43 (2).JPG,0,1386.5,1324.5,455.0,460.0,467.0,475.0,485.0,495.0,500.0,501.0,499.0,499.0,498.0,496.0,497.0,498.0,498.0,499.0,500.0,500.0,500.0,500.0,500.0,500.0,500.0,500.0,500.0,502.0,502.0,502.0,503.0,496.0,483.0,470.0,459.0,446.0,447.0,449.0
defected/IMG_9311 Top Cup 44 (2).JPG,0,1303.5638427734375,1241.6790771484375,507.0,506.0,494.0,482.0,470.0,461.0,452.0,445.0,448.0,453.0,460.0,467.0,476.0,487.0,495.0,502.0,504.0,504.0,504.0,503.0,503.0,504.0,504.0,501.0,499.0,498.0,497.0,495.0,493.0,491.0,489.0,488.0,486.0,489.0,495.0,501.0
defected/IMG_9314 Top Cup 45 (2).JPG,0,1206.61328125,1217.61328125,492.0,492.0,496.0,502.0,504.0,499.0,485.0,472.0,461.0,447.0,449.0,452.0,455.0,460.0,465.0,474.0,482.0,489.0,499.0,502.0,501.0,501.0,499.0,499.0,499.0,501.0,503.0,503.0,503.0,503.0,502.0,502.0,500.0,498.0,496.0,494.0
defected/IMG_9318 Top Cup 46 (2).JPG,0,1220.05859375,1113.2474365234375,498.0,499.0,500.0,496.0,487.0,479.0,471.0,463.0,457.0,451.0,457.0,466.0,475.0,486.0,496.0,500.0,499.0,498.0,494.0,492.0,491.0,490.0,489.0,490.0,490.0,492.0,493.0,495.0,496.0,497.0,498.0,498.0,498.0,498.0,497.0,497.0
defected/IMG_9321 Top Cup 47 (2).JPG,0,1218.5694580078125,1276.25830078125,497.0,500.0,503.0,505.0,503.0,495.0,484.0,475.0,467.0,459.0,452.0,445.0,444.0,451.0,461.0,471.0,484.0,494.0,505.0,506.0,505.0,503.0,502.0,502.0,501.0,500.0,500.0,499.0,499.0,497.0,496.0,495.0,495.0,493.0,492.0,494.0
defected/IMG_9324 Top Cup 48 (2).JPG,0,1252.337158203125,1233.5010986328125,495.0,500.0,505.0,511.0,512.0,503.0,487.0,472.0,459.0,447.0,436.0,435.0,437.0,442.0,448.0,455.0,465.0,476.0,488.0,502.0,512.0,514.0,514.0,514.0,513.0,511.0,509.0,507.0,503.0,501.0,497.0,493.0,490.0,485.0,488.0,490.0
defected/IMG_9327 Top Cup 49 (2).JPG,0,1353.0,1252.5,456.0,465.0,476.0,486.0,500.0,512.0,517.0,516.0,512.0,511.0,503.0,499.0,494.0,490.0,486.0,484.0,483.0,484.0,487.0,489.0,494.0,499.0,505.0,512.0,517.0,511.0,499.0,488.0,477.0,469.0,461.0,455.0,450.0,448.0,447.0,448.0
defected/IMG_9330 Top Cup 50 (2).JPG,0,1065.0467529296875,1252.567626953125,499.0,503.0,505.0,507.0,501.0,488.0,475.0,461.0,452.0,441.0,437.0,442.0,450.0,456.0,467.0,477.0,488.0,500.0,507.0,507.0,506.0,503.0,504.0,504.0,504.0,504.0,503.0,502.0,499.0,498.0,496.0,494.0,493.0,492.0,494.0,496.0
defected/IMG_9333 Top Cup 51 (2).JPG,0,1243.1732177734375,1286.71875,506.0,508.0,508.0,501.0,487.0,471.0,459.0,447.0,437.0,436.0,440.0,446.0,453.0,462.0,473.0,485.0,498.0,507.0,509.0,507.0,505.0,504.0,503.0,503.0,504.0,505.0,506.0,507.0,506.0,505.0,503.0,501.0,499.0,499.0,500.0,502.0
defected/IMG_9336 Top Cup 52 (2).JPG,0,1011.0042114257812,1156.52197265625,491.0,491.0,492.0,493.0,494.0,496.0,497.0,496.0,491.0,481.0,473.0,466.0,459.0,453.0,459.0,466.0,474.0,482.0,491.0,499.0,499.0,498.0,497.0,498.0,497.0,496.0,497.0,499.0,499.0,496.0,496.0,495.0,494.0,492.0,492.0,490.0
defected/IMG_9339 Top Cup 53 (2).JPG,0,1074.4970703125,1112.4736328125,496.0,496.0,496.0,498.0,500.0,502.0,498.0,489.0,480.0,471.0,462.0,454.0,445.0,454.0,460.0,469.0,478.0,489.0,499.0,502.0,501.0,499.0,498.0,498.0,498.0,498.0,498.0,498.0,497.0,495.0,495.0,493.0,491.0,492.0,491.0,495.0
defected/IMG_9343 Top Cup 54 (2).JPG,0,1188.3521728515625,1116.7523193359375,497.0,496.0,497.0,496.0,497.0,498.0,497.0,492.0,485.0,477.0,470.0,465.0,471.0,479.0,487.0,496.0,499.0,496.0,490.0,486.0,482.0,480.0,477.0,478.0,480.0,482.0,486.0,491.0,493.0,496.0,498.0,499.0,499.0,500.0,498.0,497.0
defected/IMG_9346 Top Cup 55 (2).JPG,0,1315.0628662109375,1278.050537109375,491.0,488.0,487.0,487.0,488.0,491.0,495.0,499.0,498.0,491.0,481.0,473.0,466.0,466.0,471.0,478.0,485.0,494.0,499.0,499.0,495.0,492.0,490.0,489.0,490.0,490.0,492.0,494.0,496.0,497.0,498.0,499.0,498.0,496.0,495.0,493.0
defected/IMG_9349 Top Cup 56 (2).JPG,0,1283.986083984375,1240.319580078125,451.0,452.0,458.0,465.0,475.0,485.0,494.0,499.0,499.0,499.0,498.0,498.0,497.0,498.0,500.0,500.0,501.0,502.0,502.0,501.0,500.0,500.0,500.0,499.0,497.0,496.0,498.0,498.0,499.0,499.0,499.0,491.0,481.0,472.0,464.0,457.0
defected/IMG_9353 Top Cup 57 (2).JPG,0,1057.096923828125,1099.8206787109375,463.0,466.0,470.0,474.0,481.0,488.0,497.0,500.0,500.0,499.0,498.0,496.0,495.0,495.0,495.0,494.0,494.0,494.0,493.0,493.0,493.0,493.0,493.0,491.0,492.0,494.0,496.0,498.0,499.0,499.0,496.0,490.0,483.0,477.0,470.0,467.0
defected/IMG_9356 Top Cup 58 (2).JPG,0,943.43896484375,903.7178344726562,333.0,335.0,337.0,340.0,344.0,349.0,351.0,349.0,347.0,344.0,340.0,338.0,340.0,344.0,346.0,350.0,351.0,351.0,350.0,350.0,349.0,350.0,349.0,350.0,351.0,351.0,350.0,350.0,347.0,346.0,343.0,340.0,337.0,335.0,334.0,332.0
defected/IMG_9359 Top Cup 59 (2).JPG,0,795.5,813.0,314.0,321.0,329.0,338.0,348.0,359.0,366.0,364.0,360.0,357.0,352.0,349.0,345.0,344.0,343.0,343.0,345.0,347.0,351.0,353.0,356.0,358.0,361.0,364.0,366.0,368.0,361.0,350.0,339.0,330.0,320.0,312.0,306.0,300.0,304.0,308.0
defected/IMG_9362 Top Cup 60 (2).JPG,0,870.4149780273438,842.452392578125,339.0,343.0,346.0,350.0,355.0,360.0,365.0,369.0,367.0,359.0,348.0,339.0,330.0,322.0,316.0,310.0,311.0,313.0,316.0,321.0,327.0,334.0,344.0,354.0,363.0,369.0,366.0,362.0,358.0,354.0,349.0,344.0,341.0,338.0,336.0,336.0
defected/IMG_9365 Top Cup 61 (2).JPG,0,926.5833740234375,910.8826293945312,355.0,345.0,333.0,325.0,317.0,310.0,308.0,311.0,315.0,318.0,324.0,329.0,335.0,343.0,349.0,356.0,363.0,367.0,365.0,361.0,357.0,354.0,352.0,350.0,349.0,348.0,347.0,348.0,347.0,350.0,352.0,355.0,357.0,361.0,364.0,364.0
defected/IMG_9368 Top Cup 62 (2).JPG,0,920.8732299804688,831.4010009765625,331.0,325.0,318.0,314.0,315.0,318.0,326.0,331.0,338.0,347.0,354.0,358.0,359.0,357.0,353.0,351.0,349.0,347.0,346.0,344.0,344.0,344.0,344.0,345.0,347.0,350.0,353.0,354.0,356.0,359.0,362.0,362.0,360.0,352.0,345.0,338.0
defected/IMG_9371 Top Cup 63 (2).JPG,0,898.3399047851562,856.2478637695312,342.0,337.0,335.0,331.0,331.0,330.0,333.0,335.0,337.0,340.0,343.0,346.0,350.0,351.0,354.0,352.0,350.0,349.0,346.0,345.0,345.0,344.0,345.0,346.0,345.0,345.0,344.0,344.0,344.0,345.0,348.0,351.0,354.0,356.0,353.0,347.0
defected/IMG_9374 Top Cup 64 (2).JPG,0,941.5,984.5,322.0,316.0,313.0,317.0,323.0,328.0,333.0,341.0,349.0,357.0,363.0,363.0,361.0,358.0,355.0,352.0,350.0,347.0,345.0,343.0,341.0,340.0,341.0,343.0,346.0,348.0,352.0,356.0,359.0,362.0,363.0,357.0,349.0,341.0,334.0,327.0
defected/IMG_9377 Top Cup 65 (2).JPG,0,865.5831909179688,826.6218872070312,319.0,317.0,322.0,333.0,345.0,354.0,355.0,356.0,354.0,353.0,352.0,349.0,345.0,346.0,348.0,350.0,353.0,355.0,356.0,353.0,346.0,340.0,335.0,334.0,335.0,338.0,342.0,347.0,351.0,354.0,353.0,347.0,337.0,331.0,326.0,322.0
defected/IMG_9380 Top Cup 66 (2).JPG,0,764.0,804.5,319.0,324.0,330.0,337.0,346.0,354.0,361.0,367.0,366.0,365.0,361.0,358.0,355.0,351.0,349.0,346.0,345.0,344.0,344.0,343.0,346.0,349.0,352.0,357.0,362.0,367.0,366.0,354.0,343.0,331.0,323.0,314.0,309.0,308.0,311.0,315.0
defected/IMG_9383 Top Cup 67 (2).JPG,0,668.802734375,697.05078125,328.0,320.0,314.0,309.0,307.0,307.0,312.0,318.0,325.0,333.0,341.0,349.0,357.0,361.0,361.0,360.0,359.0,357.0,356.0,355.0,355.0,354.0,355.0,354.0,354.0,355.0,355.0,356.0,357.0,359.0,359.0,361.0,361.0,356.0,346.0,337.0
defected/IMG_9386 Top Cup 68 (2).JPG,0,858.6324462890625,878.889892578125,356.0,355.0,354.0,354.0,353.0,352.0,350.0,349.0,348.0,349.0,349.0,350.0,351.0,352.0,356.0,354.0,351.0,343.0,335.0,327.0,319.0,314.0,311.0,316.0,321.0,328.0,334.0,341.0,345.0,348.0,350.0,352.0,354.0,356.0,356.0,356.0
defected/IMG_9389 Top Cup 69 (2).JPG,0,861.7269287109375,856.7269287109375,338.0,337.0,339.0,339.0,341.0,342.0,346.0,348.0,351.0,353.0,355.0,355.0,355.0,356.0,356.0,352.0,348.0,344.0,341.0,337.0,335.0,333.0,332.0,332.0,334.0,335.0,337.0,340.0,344.0,347.0,352.0,356.0,357.0,349.0,344.0,341.0
defected/IMG_9392 Top Cup 70 (2).JPG,0,782.6704711914062,783.13037109375,347.0,356.0,360.0,359.0,357.0,355.0,354.0,354.0,353.0,354.0,353.0,353.0,353.0,354.0,356.0,356.0,357.0,358.0,360.0,358.0,358.0,360.0,359.0,352.0,342.0,331.0,321.0,311.0,305.0,304.0,308.0,313.0,319.0,325.0,332.0,339.0
defected/IMG_9395 Top Cup 71 (2).JPG,0,817.0,877.0,350.0,343.0,337.0,331.0,328.0,328.0,329.0,334.0,339.0,343.0,348.0,354.0,359.0,363.0,367.0,369.0,365.0,356.0,348.0,339.0,330.0,323.0,317.0,313.0,315.0,317.0,321.0,326.0,333.0,339.0,347.0,356.0,365.0,369.0,365.0,357.0
defected/IMG_9398 Top Cup 72 (2).JPG,0,831.0933837890625,770.11865234375,347.0,340.0,335.0,329.0,326.0,326.0,330.0,334.0,338.0,342.0,347.0,350.0,353.0,355.0,355.0,355.0,353.0,352.0,352.0,350.0,349.0,348.0,347.0,347.0,346.0,346.0,346.0,347.0,348.0,349.0,350.0,351.0,352.0,352.0,353.0,352.0
defected/IMG_9401 Top Cup 73 (2).JPG,0,849.578125,813.0216064453125,351.0,353.0,354.0,354.0,352.0,343.0,335.0,329.0,322.0,317.0,319.0,322.0,326.0,329.0,335.0,342.0,348.0,351.0,352.0,351.0,352.0,352.0,352.0,351.0,352.0,352.0,352.0,352.0,352.0,351.0,352.0,351.0,351.0,350.0,352.0,351.0
defected/IMG_9404 Top Cup 74 (2).JPG,0,878.9050903320312,834.0521240234375,321.0,327.0,333.0,341.0,348.0,356.0,362.0,363.0,362.0,362.0,360.0,358.0,356.0,354.0,352.0,351.0,350.0,349.0,349.0,350.0,351.0,353.0,357.0,359.0,361.0,362.0,353.0,341.0,330.0,318.0,312.0,308.0,308.0,310.0,312.0,316.0
defected/IMG_9407 Top Cup 75 (2).JPG,0,887.0,849.0,338.0,328.0,320.0,313.0,308.0,307.0,313.0,319.0,326.0,334.0,342.0,349.0,356.0,361.0,365.0,365.0,363.0,359.0,357.0,354.0,352.0,350.0,348.0,347.0,346.0,347.0,349.0,351.0,353.0,355.0,358.0,360.0,362.0,363.0,358.0,348.0
defected/IMG_9410 Top Cup 76 (2).JPG,0,934.9071655273438,947.650634765625,358.0,357.0,354.0,352.0,350.0,349.0,348.0,350.0,354.0,357.0,360.0,360.0,353.0,342.0,331.0,322.0,313.0,306.0,300.0,295.0,302.0,309.0,320.0,330.0,342.0,353.0,353.0,356.0,357.0,358.0,360.0,360.0,360.0,360.0,360.0,359.0
defected/IMG_9413 Top Cup 77 (2).JPG,0,922.345947265625,930.0425415039062,321.0,320.0,321.0,324.0,326.0,329.0,334.0,338.0,343.0,349.0,352.0,355.0,358.0,360.0,359.0,358.0,358.0,357.0,354.0,352.0,350.0,349.0,346.0,346.0,345.0,348.0,350.0,353.0,356.0,359.0,359.0,354.0,347.0,340.0,332.0,326.0
defected/IMG_9416 Top Cup 78 (2).JPG,0,727.3980712890625,730.43896484375,324.0,333.0,342.0,353.0,360.0,362.0,362.0,361.0,362.0,362.0,360.0,360.0,359.0,357.0,355.0,355.0,355.0,355.0,355.0,356.0,357.0,357.0,358.0,360.0,361.0,358.0,348.0,335.0,323.0,311.0,301.0,296.0,299.0,303.0,309.0,316.0
defected/IMG_9419 Top Cup 78 (2).JPG,0,829.69140625,821.8619384765625,319.0,315.0,316.0,321.0,325.0,330.0,338.0,344.0,351.0,358.0,361.0,361.0,359.0,359.0,357.0,353.0,351.0,348.0,346.0,342.0,339.0,338.0,338.0,338.0,339.0,342.0,346.0,351.0,355.0,360.0,361.0,355.0,348.0,340.0,333.0,326.0
defected/IMG_9422 Top Cup 80 (2).JPG,0,798.5,832.0,347.0,353.0,358.0,364.0,367.0,363.0,357.0,350.0,344.0,339.0,333.0,330.0,326.0,323.0,322.0,322.0,326.0,333.0,340.0,346.0,354.0,363.0,370.0,368.0,361.0,354.0,348.0,342.0,336.0,331.0,326.0,327.0,328.0,333.0,337.0,342.0
defected/IMG_9425 Top Cup 81 (2).JPG,0,932.0,946.0,314.0,303.0,294.0,290.0,296.0,305.0,314.0,322.0,331.0,340.0,350.0,360.0,365.0,365.0,364.0,364.0,362.0,359.0,358.0,355.0,353.0,351.0,350.0,348.0,347.0,348.0,349.0,351.0,354.0,358.0,361.0,364.0,365.0,356.0,342.0,327.0
defected/IMG_9428 Top Cup 82 (2).JPG,0,812.1512451171875,828.7523193359375,353.0,350.0,348.0,345.0,344.0,343.0,344.0,346.0,349.0,350.0,353.0,354.0,357.0,357.0,351.0,352.0,357.0,356.0,353.0,349.0,344.0,336.0,329.0,324.0,319.0,317.0,317.0,319.0,322.0,326.0,333.0,340.0,349.0,355.0,357.0,355.0
defected/IMG_9431 Top Cup 83 (2).JPG,0,868.4216918945312,843.114990234375,312.0,311.0,315.0,320.0,328.0,335.0,343.0,349.0,356.0,361.0,359.0,357.0,357.0,355.0,353.0,350.0,350.0,349.0,347.0,347.0,347.0,349.0,350.0,351.0,353.0,356.0,359.0,361.0,361.0,354.0,346.0,338.0,331.0,324.0,319.0,313.0
defected/IMG_9434 Top Cup 84 (2).JPG,0,931.636962890625,949.6871948242188,310.0,306.0,305.0,306.0,308.0,311.0,317.0,324.0,329.0,334.0,339.0,354.0,359.0,360.0,360.0,359.0,358.0,358.0,357.0,356.0,356.0,355.0,354.0,354.0,354.0,355.0,356.0,358.0,360.0,360.0,362.0,358.0,348.0,338.0,327.0,318.0
defected/IMG_9437 Top Cup 85 (2).JPG,0,819.8897705078125,836.7894287109375,340.0,341.0,346.0,351.0,352.0,351.0,352.0,351.0,352.0,350.0,350.0,349.0,348.0,348.0,347.0,346.0,346.0,345.0,345.0,345.0,346.0,347.0,347.0,348.0,351.0,351.0,348.0,342.0,337.0,332.0,328.0,327.0,329.0,334.0,341.0,343.0
defected/IMG_9440 Top Cup 86 (2).JPG,0,904.8723754882812,876.2257690429688,320.0,325.0,329.0,335.0,341.0,348.0,354.0,356.0,356.0,357.0,356.0,355.0,353.0,352.0,350.0,347.0,345.0,342.0,341.0,342.0,344.0,346.0,349.0,351.0,355.0,358.0,357.0,352.0,344.0,339.0,333.0,330.0,327.0,325.0,321.0,317.0
defected/IMG_9443 Top Cup 87 (2).JPG,0,886.3007202148438,859.513427734375,316.0,326.0,334.0,341.0,345.0,346.0,347.0,346.0,347.0,348.0,349.0,351.0,350.0,352.0,351.0,352.0,351.0,350.0,349.0,348.0,346.0,347.0,346.0,346.0,348.0,350.0,350.0,352.0,353.0,352.0,347.0,340.0,335.0,328.0,315.0,310.0
defected/IMG_9446 Top Cup 88 (2).JPG,0,840.8004760742188,837.9487915039062,318.0,326.0,334.0,344.0,353.0,356.0,358.0,357.0,356.0,356.0,356.0,355.0,355.0,355.0,356.0,353.0,353.0,353.0,353.0,353.0,353.0,354.0,354.0,356.0,357.0,359.0,359.0,352.0,342.0,332.0,322.0,314.0,308.0,302.0,306.0,311.0
defected/IMG_9449 Top Cup 89 (2).JPG,0,786.2767333984375,821.6524658203125,330.0,323.0,318.0,317.0,315.0,318.0,323.0,327.0,331.0,336.0,343.0,347.0,352.0,357.0,357.0,358.0,356.0,356.0,355.0,355.0,354.0,352.0,351.0,351.0,351.0,352.0,352.0,354.0,354.0,355.0,356.0,356.0,357.0,354.0,346.0,338.0
defected/IMG_9454 Top Cup 90 (2).JPG,0,992.399169921875,1006.484375,313.0,298.0,291.0,287.0,287.0,290.0,296.0,304.0,312.0,323.0,334.0,345.0,356.0,363.0,365.0,365.0,365.0,365.0,364.0,365.0,364.0,364.0,363.0,363.0,363.0,363.0,364.0,365.0,365.0,365.0,365.0,365.0,364.0,359.0,344.0,328.0
defected/IMG_9457 Top Cup 91 (2).JPG,0,773.7626342773438,695.0011596679688,321.0,319.0,321.0,324.0,330.0,333.0,337.0,342.0,346.0,351.0,354.0,356.0,356.0,355.0,355.0,355.0,354.0,353.0,353.0,351.0,350.0,348.0,348.0,348.0,349.0,350.0,352.0,355.0,358.0,361.0,358.0,350.0,341.0,335.0,329.0,324.0
defected/IMG_9460 Top Cup 92 (2).JPG,0,873.44482421875,858.6347045898438,345.0,345.0,347.0,349.0,352.0,353.0,355.0,357.0,359.0,359.0,359.0,358.0,355.0,353.0,349.0,345.0,341.0,336.0,332.0,329.0,327.0,325.0,326.0,327.0,330.0,334.0,339.0,344.0,351.0,356.0,360.0,358.0,354.0,352.0,350.0,347.0
defected/IMG_9463 Top Cup 93 (2).JPG,0,996.3304443359375,969.6633911132812,357.0,358.0,357.0,357.0,358.0,359.0,357.0,356.0,355.0,354.0,353.0,352.0,350.0,349.0,347.0,346.0,345.0,346.0,345.0,348.0,349.0,353.0,357.0,357.0,351.0,342.0,333.0,325.0,317.0,310.0,310.0,311.0,320.0,329.0,339.0,349.0
defected/IMG_9466 Top Cup 94 (2).JPG,0,1080.20068359375,941.6921997070312,307.0,306.0,308.0,313.0,318.0,323.0,328.0,336.0,344.0,351.0,360.0,365.0,366.0,364.0,363.0,359.0,357.0,354.0,351.0,347.0,346.0,344.0,343.0,344.0,346.0,349.0,352.0,356.0,360.0,364.0,365.0,358.0,346.0,335.0,322.0,312.0
defected/IMG_9469 Top Cup 95 (2).JPG,0,916.4739990234375,903.4610595703125,344.0,342.0,340.0,338.0,338.0,341.0,345.0,349.0,351.0,351.0,352.0,356.0,355.0,349.0,345.0,341.0,338.0,337.0,334.0,333.0,331.0,331.0,331.0,331.0,332.0,334.0,338.0,341.0,348.0,353.0,356.0,357.0,355.0,352.0,348.0,345.0
defected/IMG_9472 Top Cup 96 (2).JPG,0,866.6327514648438,818.6448364257812,315.0,309.0,306.0,304.0,307.0,312.0,319.0,328.0,337.0,346.0,357.0,365.0,365.0,367.0,366.0,363.0,359.0,355.0,352.0,348.0,345.0,344.0,343.0,343.0,344.0,347.0,350.0,355.0,359.0,364.0,367.0,365.0,355.0,345.0,335.0,324.0
defected/IMG_9475 Cup 97 Top  (2).JPG,0,843.8814086914062,758.068359375,335.0,328.0,321.0,319.0,320.0,322.0,328.0,333.0,338.0,341.0,344.0,353.0,361.0,367.0,364.0,359.0,352.0,348.0,345.0,340.0,338.0,338.0,337.0,338.0,341.0,344.0,346.0,350.0,354.0,357.0,360.0,364.0,366.0,361.0,352.0,343.0
defected/IMG_9478 Cup 98 Top (2).JPG,0,769.9850463867188,759.7472534179688,354.0,352.0,351.0,350.0,349.0,349.0,349.0,350.0,352.0,353.0,356.0,358.0,355.0,347.0,338.0,330.0,322.0,316.0,313.0,311.0,311.0,315.0,323.0,331.0,339.0,350.0,356.0,358.0,360.0,359.0,360.0,359.0,358.0,357.0,355.0,355.0
defected/IMG_9481 Cup 99 top (2).JPG,0,828.2297973632812,840.3836059570312,329.0,330.0,331.0,332.0,334.0,334.0,335.0,337.0,337.0,337.0,333.0,322.0,332.0,336.0,335.0,329.0,324.0,318.0,312.0,307.0,304.0,302.0,300.0,301.0,304.0,309.0,314.0,320.0,326.0,332.0,334.0,333.0,332.0,330.0,331.0,330.0
defected/IMG_9484 Cup 100 top (2).JPG,0,854.031005859375,798.834228515625,311.0,316.0,322.0,328.0,335.0,339.0,338.0,337.0,336.0,335.0,333.0,332.0,332.0,330.0,328.0,328.0,327.0,327.0,326.0,327.0,329.0,330.0,333.0,336.0,338.0,338.0,333.0,325.0,317.0,308.0,300.0,295.0,296.0,299.0,299.0,303.0
defected/IMG_9487 Vup 101 Top (2).JPG,0,876.1285400390625,889.7900390625,328.0,329.0,331.0,332.0,333.0,334.0,333.0,331.0,325.0,321.0,319.0,316.0,314.0,312.0,310.0,310.0,311.0,313.0,316.0,319.0,323.0,328.0,334.0,335.0,335.0,334.0,332.0,331.0,330.0,330.0,323.0,315.0,314.0,322.0,324.0,326.0
defected/IMG_9490 Cup 101 Top (2).JPG,0,857.9252319335938,844.2278442382812,330.0,334.0,344.0,343.0,342.0,339.0,337.0,336.0,334.0,333.0,331.0,330.0,329.0,329.0,330.0,331.0,333.0,334.0,337.0,338.0,340.0,342.0,333.0,323.0,312.0,302.0,295.0,287.0,285.0,283.0,287.0,292.0,299.0,306.0,314.0,322.0
defected/IMG_9493 Cup 102 top (2).JPG,0,879.5,851.5,296.0,303.0,319.0,332.0,344.0,349.0,348.0,346.0,345.0,342.0,341.0,338.0,337.0,335.0,332.0,332.0,333.0,333.0,335.0,338.0,340.0,345.0,348.0,351.0,345.0,331.0,318.0,305.0,293.0,281.0,275.0,269.0,269.0,274.0,281.0,288.0
defected/IMG_9496 Cup 103 Top (2).JPG,0,887.7222290039062,831.4674682617188,321.0,316.0,309.0,306.0,308.0,305.0,312.0,321.0,327.0,330.0,333.0,335.0,337.0,337.0,338.0,337.0,335.0,334.0,331.0,329.0,326.0,323.0,321.0,319.0,317.0,317.0,316.0,316.0,318.0,320.0,324.0,327.0,330.0,334.0,334.0,328.0
defected/IMG_9499 Cup 104 Top (2).JPG,0,856.5,839.5,307.0,314.0,321.0,330.0,338.0,345.0,345.0,341.0,338.0,334.0,331.0,326.0,324.0,322.0,320.0,319.0,321.0,322.0,326.0,331.0,335.0,339.0,344.0,346.0,347.0,339.0,329.0,321.0,311.0,302.0,295.0,289.0,288.0,291.0,296.0,301.0
defected/IMG_9501 Top Cup 105 (2).JPG,0,879.9085693359375,880.9515380859375,321.0,324.0,329.0,330.0,328.0,326.0,324.0,322.0,322.0,321.0,321.0,319.0,319.0,318.0,318.0,319.0,320.0,321.0,324.0,327.0,330.0,330.0,329.0,327.0,327.0,329.0,329.0,330.0,331.0,331.0,329.0,324.0,319.0,319.0,318.0,320.0
defected/IMG_9504 Top Cup 106 (2).JPG,0,945.5347900390625,941.916748046875,328.0,331.0,334.0,335.0,339.0,338.0,337.0,336.0,335.0,334.0,331.0,329.0,327.0,325.0,324.0,323.0,323.0,323.0,323.0,323.0,325.0,327.0,331.0,334.0,335.0,331.0,323.0,314.0,307.0,300.0,294.0,293.0,295.0,303.0,312.0,320.0
defected/IMG_9507 Top Cup 107 (2).JPG,0,922.03271484375,907.9707641601562,330.0,335.0,339.0,342.0,342.0,338.0,334.0,330.0,327.0,324.0,321.0,317.0,315.0,313.0,312.0,314.0,317.0,321.0,325.0,331.0,336.0,341.0,338.0,334.0,328.0,323.0,319.0,314.0,311.0,309.0,309.0,311.0,314.0,317.0,321.0,326.0
defected/IMG_9510 Top Cup 108 (2).JPG,0,895.3043212890625,864.0751342773438,293.0,296.0,298.0,303.0,314.0,326.0,335.0,338.0,340.0,341.0,341.0,340.0,340.0,339.0,337.0,335.0,336.0,333.0,333.0,333.0,334.0,336.0,337.0,339.0,340.0,342.0,341.0,334.0,324.0,314.0,305.0,295.0,288.0,286.0,287.0,289.0
defected/IMG_9513  Top Cup 109 (2).JPG,0,657.6680908203125,669.8623657226562,230.0,226.0,220.0,216.0,220.0,224.0,226.0,228.0,230.0,231.0,232.0,232.0,233.0,232.0,233.0,232.0,232.0,231.0,230.0,229.0,228.0,227.0,227.0,226.0,226.0,226.0,226.0,228.0,228.0,231.0,231.0,232.0,233.0,233.0,233.0,233.0
defected/IMG_9516 Top Cup 110 (2).JPG,0,713.1831665039062,711.7525634765625,239.0,236.0,231.0,226.0,220.0,217.0,213.0,211.0,209.0,210.0,212.0,215.0,220.0,226.0,232.0,236.0,236.0,239.0,241.0,240.0,238.0,236.0,233.0,231.0,230.0,229.0,227.0,227.0,227.0,227.0,228.0,228.0,231.0,233.0,235.0,237.0
defected/IMG_9519 Top Cup 111 (2).JPG,0,621.5039672851562,641.38525390625,232.0,232.0,231.0,231.0,232.0,232.0,234.0,233.0,229.0,225.0,221.0,217.0,212.0,212.0,214.0,216.0,219.0,221.0,225.0,227.0,230.0,234.0,235.0,235.0,235.0,233.0,233.0,233.0,233.0,232.0,232.0,233.0,233.0,233.0,232.0,233.0
defected/IMG_9522 Top Cup 112 (2).JPG,0,641.2518920898438,654.7310180664062,228.0,225.0,223.0,222.0,221.0,222.0,221.0,223.0,224.0,225.0,229.0,231.0,233.0,237.0,240.0,240.0,235.0,231.0,225.0,218.0,221.0,221.0,221.0,221.0,222.0,224.0,227.0,229.0,232.0,235.0,237.0,239.0,238.0,235.0,233.0,230.0
defected/IMG_9525 Top Cup 113 (2).JPG,0,616.5663452148438,626.6555786132812,231.0,228.0,225.0,222.0,220.0,224.0,223.0,227.0,227.0,226.0,227.0,227.0,228.0,229.0,229.0,229.0,230.0,230.0,230.0,229.0,228.0,227.0,228.0,228.0,227.0,227.0,228.0,230.0,230.0,229.0,230.0,231.0,231.0,231.0,231.0,232.0
defected/IMG_9528 Top Cup 114 (2).JPG,0,619.41845703125,634.58447265625,230.0,230.0,230.0,232.0,234.0,236.0,237.0,233.0,227.0,220.0,214.0,209.0,212.0,213.0,215.0,217.0,222.0,226.0,230.0,233.0,233.0,235.0,234.0,234.0,235.0,236.0,236.0,236.0,235.0,235.0,233.0,232.0,232.0,231.0,229.0,230.0
defected/IMG_9531 Top Cup 115 (2).JPG,0,617.1307983398438,619.4951171875,235.0,234.0,233.0,233.0,232.0,231.0,231.0,231.0,231.0,232.0,231.0,232.0,233.0,233.0,234.0,234.0,235.0,235.0,228.0,218.0,216.0,214.0,213.0,213.0,214.0,218.0,220.0,222.0,225.0,227.0,230.0,233.0,234.0,235.0,236.0,236.0
defected/IMG_9534 Top Cup 116 (2).JPG,0,617.9606323242188,632.2340698242188,233.0,235.0,232.0,231.0,231.0,233.0,232.0,229.0,225.0,224.0,222.0,222.0,223.0,222.0,223.0,224.0,224.0,226.0,228.0,227.0,225.0,225.0,230.0,231.0,230.0,229.0,228.0,228.0,227.0,226.0,226.0,226.0,226.0,226.0,228.0,230.0
defected/IMG_9537 Top Cup 117 (2).JPG,0,647.533203125,641.0917358398438,227.0,228.0,227.0,227.0,226.0,227.0,227.0,228.0,229.0,230.0,230.0,230.0,231.0,231.0,230.0,229.0,229.0,229.0,230.0,228.0,228.0,226.0,221.0,222.0,228.0,230.0,231.0,230.0,229.0,228.0,228.0,228.0,228.0,228.0,228.0,228.0
defected/IMG_9540 Top Cup 118 (2).JPG,0,628.0528564453125,642.203857421875,227.0,227.0,228.0,229.0,230.0,231.0,231.0,232.0,231.0,232.0,230.0,230.0,227.0,225.0,224.0,224.0,224.0,222.0,224.0,228.0,233.0,233.0,232.0,232.0,233.0,235.0,233.0,232.0,230.0,228.0,227.0,226.0,226.0,224.0,224.0,225.0
defected/IMG_9543 Top Cup 119 (2).JPG,0,625.8528442382812,661.88232421875,237.0,237.0,233.0,228.0,222.0,218.0,215.0,212.0,211.0,212.0,213.0,216.0,219.0,222.0,224.0,227.0,231.0,233.0,234.0,231.0,228.0,232.0,233.0,232.0,232.0,232.0,233.0,235.0,235.0,235.0,235.0,235.0,234.0,234.0,235.0,236.0
defected/IMG_9546 Top Cup 120 (2).JPG,0,601.1868286132812,597.002685546875,226.0,229.0,233.0,234.0,236.0,235.0,234.0,234.0,234.0,233.0,232.0,230.0,229.0,228.0,227.0,226.0,226.0,226.0,226.0,226.0,230.0,230.0,235.0,235.0,231.0,228.0,224.0,224.0,223.0,223.0,222.0,219.0,219.0,220.0,220.0,222.0
defected/IMG_9549 Top Cup 121 (2).JPG,0,646.8422241210938,654.65087890625,229.0,230.0,229.0,230.0,231.0,230.0,230.0,228.0,228.0,227.0,228.0,227.0,228.0,227.0,227.0,225.0,225.0,229.0,230.0,231.0,230.0,227.0,226.0,225.0,226.0,225.0,226.0,227.0,226.0,228.0,229.0,230.0,231.0,231.0,230.0,230.0
defected/IMG_9552 Top Cup 122 (2).JPG,0,654.3110961914062,639.1875610351562,231.0,231.0,232.0,232.0,233.0,233.0,233.0,233.0,232.0,232.0,230.0,229.0,228.0,227.0,226.0,225.0,226.0,224.0,223.0,226.0,230.0,231.0,230.0,229.0,228.0,226.0,227.0,227.0,229.0,230.0,230.0,229.0,229.0,228.0,228.0,230.0
defected/IMG_9555 Top Cup 123 (2).JPG,0,635.0733032226562,643.4300537109375,233.0,233.0,234.0,233.0,231.0,229.0,227.0,226.0,225.0,224.0,222.0,221.0,221.0,221.0,221.0,222.0,222.0,221.0,229.0,236.0,234.0,234.0,232.0,232.0,232.0,231.0,231.0,231.0,231.0,230.0,230.0,230.0,231.0,230.0,231.0,231.0
defected/IMG_9558 Top Cup 124 (2).JPG,0,645.6758422851562,659.4931640625,234.0,233.0,232.0,231.0,231.0,232.0,233.0,234.0,234.0,236.0,235.0,231.0,229.0,224.0,220.0,218.0,216.0,214.0,208.0,207.0,211.0,217.0,227.0,234.0,236.0,234.0,231.0,229.0,229.0,228.0,228.0,229.0,229.0,231.0,233.0,235.0
defected/IMG_9561 Top Cup 125 (2).JPG,0,632.0,647.5,237.0,238.0,238.0,240.0,242.0,241.0,235.0,228.0,222.0,216.0,211.0,207.0,205.0,204.0,205.0,207.0,207.0,205.0,200.0,209.0,221.0,235.0,239.0,239.0,238.0,238.0,238.0,237.0,237.0,237.0,235.0,235.0,235.0,235.0,236.0,237.0
defected/IMG_9564 Top Cup 126 (2).JPG,0,632.83740234375,623.9978637695312,232.0,232.0,231.0,231.0,230.0,229.0,229.0,229.0,229.0,230.0,229.0,230.0,230.0,230.0,230.0,231.0,230.0,225.0,219.0,220.0,221.0,225.0,227.0,228.0,227.0,229.0,228.0,229.0,229.0,230.0,232.0,232.0,232.0,232.0,233.0,233.0
defected/IMG_9567 Top Cup 127 (2).JPG,0,611.6500244140625,627.3040161132812,230.0,235.0,238.0,239.0,237.0,233.0,229.0,225.0,223.0,220.0,218.0,218.0,218.0,220.0,221.0,224.0,226.0,229.0,232.0,237.0,238.0,239.0,238.0,237.0,234.0,230.0,228.0,225.0,224.0,222.0,220.0,221.0,221.0,222.0,225.0,228.0
defected/IMG_9570 Top Cup 128 (2).JPG,0,654.9481201171875,634.8952026367188,212.0,205.0,200.0,196.0,197.0,202.0,209.0,217.0,226.0,235.0,242.0,244.0,244.0,243.0,243.0,242.0,240.0,239.0,236.0,233.0,231.0,228.0,227.0,224.0,223.0,224.0,224.0,228.0,230.0,234.0,239.0,242.0,243.0,236.0,227.0,219.0
defected/IMG_9573 Top Cup 129 (2).JPG,0,644.59521484375,625.1666870117188,225.0,227.0,228.0,230.0,233.0,235.0,238.0,239.0,237.0,232.0,228.0,224.0,221.0,219.0,217.0,217.0,216.0,216.0,217.0,218.0,229.0,236.0,237.0,237.0,237.0,235.0,234.0,232.0,231.0,229.0,229.0,227.0,227.0,226.0,225.0,225.0
defected/IMG_9576 Top Cup 130 (2).JPG,0,624.1575927734375,637.0774536132812,223.0,218.0,215.0,213.0,214.0,215.0,219.0,223.0,228.0,235.0,240.0,239.0,235.0,231.0,226.0,221.0,216.0,215.0,216.0,218.0,221.0,224.0,228.0,233.0,237.0,239.0,239.0,238.0,238.0,237.0,237.0,238.0,239.0,238.0,234.0,228.0
defected/IMG_9579 Top Cup 131 (2).JPG,0,629.2040405273438,630.4080200195312,233.0,234.0,235.0,233.0,231.0,228.0,227.0,226.0,225.0,225.0,226.0,228.0,230.0,232.0,231.0,232.0,232.0,232.0,231.0,228.0,225.0,228.0,231.0,230.0,229.0,228.0,227.0,225.0,225.0,224.0,223.0,224.0,225.0,226.0,229.0,230.0
defected/IMG_9582 Top Cup 132 (2).JPG,0,646.1296997070312,643.3632202148438,227.0,227.0,228.0,228.0,229.0,230.0,230.0,232.0,234.0,234.0,233.0,229.0,228.0,227.0,226.0,226.0,226.0,224.0,225.0,226.0,228.0,230.0,232.0,232.0,231.0,230.0,230.0,229.0,229.0,228.0,228.0,227.0,227.0,227.0,226.0,227.0
defected/IMG_9585 Top Cup 133 (2).JPG,0,637.9563598632812,617.6068115234375,233.0,233.0,233.0,233.0,234.0,233.0,232.0,231.0,230.0,229.0,228.0,227.0,226.0,225.0,224.0,224.0,227.0,228.0,228.0,222.0,228.0,231.0,232.0,231.0,229.0,228.0,227.0,227.0,226.0,226.0,228.0,228.0,231.0,230.0,231.0,233.0
defected/IMG_9588 Top Cup 134 (2).JPG,0,646.6347045898438,664.0740356445312,232.0,236.0,238.0,237.0,237.0,237.0,236.0,236.0,235.0,235.0,233.0,232.0,231.0,228.0,227.0,224.0,222.0,222.0,223.0,225.0,227.0,230.0,233.0,237.0,240.0,236.0,232.0,226.0,220.0,216.0,210.0,212.0,214.0,218.0,222.0,228.0
defected/IMG_9591 Top Cup 135 (2).JPG,0,597.0084228515625,613.9586181640625,238.0,242.0,245.0,246.0,240.0,232.0,225.0,219.0,214.0,210.0,208.0,207.0,207.0,210.0,211.0,214.0,218.0,223.0,229.0,234.0,244.0,246.0,243.0,239.0,235.0,232.0,228.0,226.0,223.0,223.0,224.0,225.0,227.0,229.0,231.0,235.0
defected/IMG_9594 Top Cup 136 (2).JPG,0,639.0,626.5,224.0,222.0,220.0,219.0,219.0,219.0,217.0,218.0,219.0,221.0,229.0,235.0,235.0,234.0,232.0,229.0,228.0,227.0,227.0,226.0,229.0,230.0,231.0,233.0,234.0,236.0,236.0,236.0,236.0,236.0,235.0,233.0,231.0,229.0,227.0,225.0
defected/IMG_9597 Top Cup 137 (2).JPG,0,683.4212646484375,672.654296875,231.0,231.0,232.0,232.0,232.0,232.0,233.0,233.0,235.0,235.0,235.0,234.0,236.0,237.0,238.0,235.0,228.0,221.0,213.0,208.0,199.0,199.0,204.0,212.0,218.0,223.0,229.0,235.0,237.0,236.0,235.0,233.0,233.0,232.0,232.0,231.0
defected/IMG_9600 Top Cup 138 (2).JPG,0,624.80029296875,631.1614379882812,229.0,229.0,229.0,229.0,230.0,229.0,231.0,231.0,230.0,231.0,230.0,231.0,230.0,230.0,230.0,229.0,231.0,230.0,225.0,219.0,219.0,224.0,224.0,222.0,222.0,226.0,230.0,232.0,231.0,230.0,230.0,230.0,230.0,229.0,229.0,230.0
defected/IMG_9603 Top Cup 139 (2).JPG,0,618.5000610351562,611.3333129882812,229.0,232.0,235.0,233.0,233.0,231.0,230.0,229.0,229.0,231.0,231.0,233.0,233.0,234.0,234.0,231.0,226.0,222.0,223.0,222.0,220.0,219.0,220.0,221.0,224.0,229.0,234.0,236.0,233.0,230.0,227.0,225.0,224.0,225.0,225.0,227.0
defected/IMG_9606 Top Cup 140 (2).JPG,0,624.4226684570312,639.8270263671875,234.0,232.0,232.0,230.0,230.0,230.0,229.0,229.0,230.0,230.0,232.0,234.0,236.0,237.0,231.0,224.0,218.0,212.0,206.0,201.0,206.0,209.0,214.0,220.0,226.0,233.0,237.0,238.0,237.0,238.0,237.0,236.0,236.0,235.0,235.0,234.0
defected/IMG_9609 Top Cup 141 (2).JPG,0,1294.8690185546875,1144.7562255859375,467.0,465.0,465.0,468.0,470.0,475.0,479.0,482.0,487.0,490.0,492.0,494.0,487.0,470.0,453.0,439.0,422.0,409.0,400.0,396.0,390.0,397.0,402.0,411.0,421.0,434.0,450.0,466.0,482.0,490.0,490.0,486.0,482.0,477.0,474.0,470.0
defected/IMG_9612 Top Cup 142 (2).JPG,0,1021.5696411132812,1026.7275390625,466.0,465.0,465.0,463.0,463.0,462.0,462.0,462.0,461.0,461.0,461.0,461.0,461.0,462.0,463.0,464.0,466.0,467.0,460.0,449.0,436.0,427.0,430.0,438.0,451.0,460.0,460.0,460.0,461.0,462.0,464.0,464.0,466.0,466.0,466.0,467.0
defected/IMG_9615 Top Cup 143 (2).JPG,0,1330.9696044921875,1112.499755859375,480.0,477.0,466.0,453.0,441.0,432.0,424.0,421.0,422.0,424.0,428.0,433.0,437.0,443.0,454.0,468.0,472.0,475.0,478.0,477.0,475.0,472.0,470.0,468.0,467.0,466.0,465.0,464.0,465.0,464.0,466.0,468.0,471.0,472.0,476.0,478.0
defected/IMG_9618 Top Cup 144 (2).JPG,0,969.4082641601562,994.6044921875,464.0,465.0,465.0,466.0,467.0,468.0,470.0,466.0,456.0,446.0,436.0,430.0,430.0,430.0,438.0,447.0,456.0,465.0,472.0,470.0,463.0,459.0,457.0,456.0,458.0,460.0,464.0,465.0,467.0,467.0,466.0,465.0,463.0,464.0,465.0,463.0
defected/IMG_9621 Top Cup 145 (2).JPG,0,1251.087158203125,1105.3905029296875,456.0,459.0,462.0,464.0,467.0,469.0,471.0,472.0,473.0,473.0,473.0,474.0,474.0,473.0,464.0,450.0,442.0,428.0,417.0,422.0,427.0,432.0,436.0,443.0,452.0,463.0,474.0,477.0,474.0,469.0,465.0,460.0,457.0,455.0,453.0,455.0
defected/IMG_9624 Top Cup 146 (2).JPG,0,1147.5,1123.5,428.0,426.0,424.0,424.0,427.0,433.0,440.0,451.0,462.0,474.0,482.0,483.0,481.0,478.0,477.0,474.0,472.0,473.0,469.0,468.0,462.0,455.0,447.0,446.0,451.0,452.0,462.0,471.0,480.0,484.0,479.0,469.0,459.0,450.0,440.0,434.0
defected/IMG_9627 Top Cup 147 (2).JPG,0,1293.9500732421875,1130.678466796875,467.0,477.0,486.0,491.0,491.0,491.0,484.0,471.0,462.0,454.0,445.0,433.0,424.0,424.0,426.0,425.0,433.0,448.0,460.0,471.0,481.0,488.0,492.0,482.0,468.0,455.0,445.0,437.0,429.0,425.0,424.0,426.0,431.0,437.0,445.0,456.0
defected/IMG_9630 Top Cup 148 (2).JPG,0,930.7916870117188,880.166015625,418.0,418.0,420.0,425.0,434.0,443.0,452.0,465.0,478.0,483.0,477.0,472.0,466.0,460.0,455.0,452.0,452.0,452.0,454.0,456.0,458.0,462.0,467.0,471.0,477.0,480.0,480.0,481.0,480.0,479.0,478.0,471.0,459.0,445.0,433.0,425.0
defected/IMG_9633 Top Cup 149 (2).JPG,0,1288.4671630859375,1172.3197021484375,467.0,460.0,453.0,449.0,446.0,445.0,443.0,448.0,456.0,460.0,461.0,460.0,462.0,464.0,466.0,469.0,472.0,472.0,466.0,461.0,457.0,455.0,454.0,456.0,458.0,462.0,463.0,461.0,459.0,458.0,457.0,458.0,461.0,464.0,469.0,471.0
non_defected/IMG_9183 Top Cup 1 (1).JPG,1,1097.2152099609375,1090.0885009765625,493.0,492.0,492.0,492.0,492.0,493.0,493.0,494.0,495.0,497.0,496.0,496.0,494.0,493.0,491.0,489.0,487.0,486.0,485.0,486.0,485.0,487.0,488.0,491.0,493.0,494.0,496.0,497.0,498.0,498.0,498.0,497.0,496.0,495.0,496.0,493.0
non_defected/IMG_9186 Top Cup 2 (1).JPG,1,1071.6395263671875,1132.186767578125,489.0,490.0,489.0,489.0,489.0,489.0,490.0,491.0,491.0,492.0,492.0,494.0,494.0,494.0,494.0,494.0,493.0,492.0,492.0,492.0,491.0,493.0,493.0,494.0,494.0,495.0,495.0,495.0,495.0,494.0,493.0,493.0,493.0,491.0,491.0,490.0
non_defected/IMG_9189 Top Cup 3 (1).JPG,1,866.3923950195312,1036.90869140625,493.0,492.0,491.0,491.0,491.0,493.0,493.0,494.0,496.0,495.0,495.0,494.0,493.0,492.0,490.0,488.0,487.0,485.0,483.0,483.0,484.0,482.0,483.0,486.0,487.0,489.0,491.0,493.0,495.0,495.0,495.0,494.0,494.0,494.0,493.0,493.0
non_defected/IMG_9192 Top Cup 4 (1).JPG,1,907.5043334960938,1099.195068359375,482.0,481.0,482.0,482.0,480.0,481.0,484.0,486.0,489.0,493.0,494.0,496.0,497.0,497.0,497.0,497.0,495.0,495.0,495.0,494.0,494.0,494.0,494.0,495.0,496.0,496.0,497.0,497.0,498.0,496.0,496.0,494.0,491.0,488.0,487.0,485.0
non_defected/IMG_9195 Top Cup 5 (1).JPG,1,1012.2476196289062,1218.9490966796875,495.0,493.0,493.0,494.0,492.0,493.0,493.0,494.0,496.0,497.0,498.0,497.0,495.0,493.0,492.0,491.0,489.0,487.0,485.0,484.0,483.0,485.0,485.0,485.0,487.0,490.0,492.0,494.0,496.0,497.0,498.0,497.0,497.0,497.0,497.0,495.0
non_defected/IMG_9198 Top Cup 6 (1).JPG,1,995.582763671875,1080.0562744140625,499.0,496.0,494.0,493.0,494.0,494.0,494.0,496.0,496.0,498.0,497.0,498.0,496.0,496.0,495.0,493.0,492.0,491.0,490.0,489.0,487.0,489.0,490.0,489.0,491.0,492.0,494.0,494.0,495.0,494.0,494.0,494.0,493.0,493.0,492.0,495.0
non_defected/IMG_9201 Top Cup 7 (1).JPG,1,1194.4727783203125,1275.9757080078125,501.0,497.0,496.0,496.0,495.0,495.0,495.0,497.0,497.0,497.0,497.0,497.0,496.0,496.0,494.0,492.0,490.0,488.0,487.0,486.0,486.0,485.0,487.0,488.0,489.0,492.0,493.0,495.0,498.0,498.0,499.0,498.0,499.0,498.0,497.0,499.0
non_defected/IMG_9204 Top Cup 8 (1).JPG,1,1083.4403076171875,1207.435302734375,483.0,481.0,481.0,482.0,484.0,486.0,489.0,492.0,496.0,498.0,500.0,500.0,500.0,499.0,497.0,496.0,494.0,494.0,494.0,496.0,495.0,496.0,498.0,498.0,499.0,502.0,502.0,502.0,501.0,500.0,497.0,494.0,490.0,488.0,485.0,483.0
non_defected/IMG_9207 Top Cup 9 (1).JPG,1,1027.8424072265625,1212.7181396484375,491.0,491.0,490.0,489.0,490.0,490.0,490.0,491.0,493.0,495.0,496.0,497.0,498.0,498.0,498.0,496.0,495.0,493.0,493.0,492.0,493.0,493.0,493.0,494.0,495.0,496.0,496.0,498.0,498.0,498.0,497.0,497.0,499.0,495.0,494.0,493.0
non_defected/IMG_9210 Top Cup 10 (1).JPG,1,1015.1810302734375,1337.81494140625,493.0,491.0,490.0,489.0,489.0,490.0,491.0,493.0,495.0,496.0,497.0,497.0,497.0,496.0,496.0,496.0,495.0,494.0,492.0,491.0,489.0,489.0,489.0,490.0,492.0,492.0,494.0,498.0,496.0,498.0,499.0,499.0,497.0,497.0,496.0,494.0
non_defected/IMG_9213 Top Cup 11 (1).JPG,1,1017.7891235351562,1156.3475341796875,488.0,488.0,489.0,489.0,489.0,490.0,491.0,492.0,494.0,494.0,494.0,495.0,495.0,496.0,494.0,493.0,492.0,491.0,491.0,489.0,488.0,488.0,489.0,490.0,490.0,492.0,494.0,495.0,497.0,495.0,494.0,493.0,492.0,491.0,490.0,489.0
non_defected/IMG_9216 Top Cup 12 (1).JPG,1,1326.8353271484375,1223.0335693359375,486.0,486.0,486.0,486.0,488.0,489.0,492.0,493.0,494.0,496.0,497.0,496.0,496.0,496.0,496.0,493.0,493.0,491.0,491.0,491.0,491.0,492.0,493.0,494.0,494.0,496.0,496.0,496.0,496.0,494.0,494.0,493.0,491.0,490.0,490.0,488.0
non_defected/IMG_9219 Top Cup 13 (1).JPG,1,1194.125244140625,1147.28857421875,484.0,484.0,485.0,486.0,488.0,490.0,491.0,493.0,495.0,497.0,497.0,497.0,496.0,496.0,495.0,494.0,493.0,493.0,493.0,493.0,494.0,494.0,495.0,495.0,497.0,497.0,499.0,498.0,497.0,494.0,492.0,490.0,488.0,486.0,485.0,484.0
non_defected/IMG_9222 Top Cup 14 (1).JPG,1,1058.6614990234375,1103.6326904296875,492.0,492.0,491.0,490.0,489.0,487.0,488.0,488.0,489.0,489.0,491.0,491.0,491.0,492.0,493.0,491.0,491.0,491.0,491.0,490.0,490.0,490.0,492.0,492.0,493.0,491.0,492.0,493.0,493.0,491.0,491.0,492.0,492.0,492.0,493.0,493.0
non_defected/IMG_9225 Top Cup 15 (1).JPG,1,1012.8151245117188,875.5543823242188,490.0,490.0,490.0,490.0,490.0,490.0,491.0,492.0,493.0,493.0,492.0,491.0,490.0,489.0,488.0,487.0,486.0,486.0,488.0,488.0,490.0,492.0,493.0,493.0,493.0,492.0,492.0,493.0,492.0,490.0,490.0,492.0,491.0,491.0,490.0,489.0
non_defected/IMG_9228 Top Cup 16 (1).JPG,1,1124.3873291015625,1079.9427490234375,494.0,493.0,493.0,493.0,491.0,491.0,490.0,491.0,493.0,492.0,493.0,492.0,492.0,492.0,492.0,492.0,493.0,492.0,490.0,490.0,490.0,490.0,491.0,491.0,492.0,490.0,490.0,490.0,488.0,487.0,488.0,488.0,489.0,490.0,492.0,493.0
non_defected/IMG_9231 Top Cup 17 (1).JPG,1,1243.123291015625,1185.5889892578125,489.0,487.0,486.0,485.0,487.0,487.0,489.0,490.0,492.0,493.0,495.0,494.0,495.0,495.0,494.0,492.0,491.0,490.0,488.0,487.0,486.0,486.0,487.0,488.0,490.0,491.0,492.0,494.0,494.0,493.0,494.0,495.0,495.0,493.0,491.0,490.0
non_defected/IMG_9234 Top Cup 18 (1).JPG,1,1037.56640625,1065.2777099609375,486.0,487.0,487.0,489.0,491.0,492.0,493.0,495.0,495.0,495.0,495.0,495.0,493.0,492.0,489.0,488.0,487.0,487.0,486.0,484.0,485.0,486.0,487.0,488.0,490.0,492.0,493.0,493.0,493.0,492.0,490.0,489.0,487.0,487.0,486.0,486.0
non_defected/IMG_9237 Top Cup 19 (1).JPG,1,1087.3919677734375,1078.7169189453125,487.0,485.0,486.0,487.0,488.0,489.0,491.0,492.0,494.0,494.0,494.0,493.0,492.0,491.0,490.0,489.0,489.0,488.0,487.0,487.0,486.0,488.0,489.0,490.0,491.0,492.0,494.0,494.0,494.0,493.0,491.0,492.0,488.0,488.0,486.0,486.0
non_defected/IMG_9240 Top Cup 20 (1).JPG,1,1066.4302978515625,1075.7532958984375,489.0,489.0,489.0,490.0,490.0,491.0,491.0,492.0,492.0,492.0,492.0,491.0,490.0,489.0,487.0,487.0,486.0,485.0,485.0,486.0,486.0,487.0,489.0,490.0,492.0,492.0,493.0,495.0,494.0,495.0,493.0,492.0,491.0,490.0,489.0,489.0
non_defected/IMG_9243 Top Cup 21 (1).JPG,1,878.46630859375,905.584716796875,492.0,492.0,491.0,490.0,490.0,491.0,491.0,493.0,493.0,493.0,493.0,492.0,491.0,491.0,489.0,488.0,487.0,486.0,485.0,484.0,484.0,484.0,484.0,486.0,488.0,488.0,490.0,492.0,491.0,491.0,491.0,491.0,490.0,491.0,492.0,492.0
non_defected/IMG_9246 Top Cup 22 (1).JPG,1,1139.049560546875,1076.630859375,489.0,488.0,488.0,488.0,489.0,490.0,490.0,490.0,491.0,491.0,491.0,491.0,491.0,491.0,491.0,491.0,490.0,489.0,490.0,489.0,488.0,488.0,489.0,490.0,489.0,490.0,491.0,491.0,490.0,490.0,489.0,488.0,486.0,487.0,488.0,488.0
non_defected/IMG_9249 Top Cup 23 (1).JPG,1,1126.2039794921875,1103.1484375,481.0,478.0,478.0,477.0,479.0,480.0,482.0,485.0,488.0,491.0,493.0,495.0,495.0,494.0,494.0,494.0,493.0,493.0,492.0,492.0,490.0,490.0,491.0,492.0,493.0,494.0,495.0,495.0,495.0,494.0,493.0,491.0,489.0,488.0,485.0,483.0
non_defected/IMG_9252 Top Cup 4 (1).JPG,1,951.5670166015625,869.2078247070312,491.0,492.0,492.0,491.0,491.0,490.0,489.0,489.0,487.0,489.0,488.0,489.0,489.0,489.0,490.0,489.0,490.0,489.0,489.0,489.0,488.0,487.0,487.0,487.0,487.0,488.0,489.0,489.0,489.0,489.0,490.0,490.0,489.0,489.0,491.0,491.0
non_defected/IMG_9255 Top Cup 25 (1).JPG,1,955.4473266601562,963.7304077148438,494.0,492.0,491.0,491.0,491.0,491.0,492.0,493.0,493.0,493.0,492.0,492.0,492.0,492.0,493.0,492.0,491.0,491.0,488.0,486.0,484.0,482.0,482.0,481.0,480.0,482.0,483.0,486.0,488.0,489.0,490.0,492.0,492.0,494.0,492.0,493.0
non_defected/IMG_9258 Top Cup 26 (1).JPG,1,1082.02685546875,939.3787231445312,490.0,489.0,489.0,491.0,491.0,491.0,491.0,492.0,492.0,492.0,490.0,490.0,488.0,487.0,488.0,485.0,485.0,484.0,485.0,486.0,487.0,488.0,489.0,490.0,491.0,490.0,491.0,491.0,489.0,489.0,490.0,490.0,489.0,490.0,489.0,489.0
non_defected/IMG_9261 Top Cup 27 (1).JPG,1,1267.41259765625,1280.27001953125,488.0,488.0,488.0,489.0,491.0,492.0,493.0,495.0,495.0,496.0,496.0,496.0,494.0,493.0,491.0,489.0,486.0,484.0,482.0,482.0,481.0,482.0,483.0,486.0,488.0,490.0,492.0,493.0,495.0,495.0,495.0,494.0,492.0,490.0,489.0,488.0
non_defected/IMG_9264 Top Cup 28 (1).JPG,1,1153.583984375,1117.5098876953125,485.0,483.0,484.0,483.0,484.0,486.0,488.0,490.0,493.0,495.0,498.0,500.0,502.0,502.0,499.0,494.0,489.0,485.0,483.0,480.0,479.0,480.0,481.0,483.0,485.0,488.0,491.0,494.0,496.0,497.0,498.0,498.0,495.0,493.0,490.0,487.0
non_defected/IMG_9267 Top Cup 29 (1).JPG,1,857.0086059570312,859.5895385742188,489.0,486.0,484.0,484.0,482.0,482.0,483.0,485.0,488.0,490.0,492.0,493.0,493.0,494.0,492.0,492.0,492.0,490.0,489.0,488.0,488.0,488.0,488.0,488.0,490.0,490.0,491.0,493.0,493.0,493.0,494.0,494.0,493.0,493.0,492.0,490.0
non_defected/IMG_9270 Top Cup 30 (1).JPG,1,1274.4700927734375,1204.6790771484375,491.0,490.0,490.0,491.0,491.0,492.0,493.0,493.0,493.0,493.0,494.0,493.0,492.0,491.0,490.0,489.0,487.0,486.0,484.0,484.0,485.0,485.0,489.0,494.0,488.0,489.0,489.0,490.0,490.0,491.0,491.0,492.0,491.0,492.0,492.0,491.0
non_defected/IMG_9273 Top Cup 31 (1).JPG,1,1540.6641845703125,1498.044677734375,490.0,490.0,489.0,489.0,488.0,489.0,490.0,492.0,491.0,492.0,491.0,491.0,491.0,489.0,490.0,490.0,490.0,490.0,493.0,487.0,487.0,487.0,486.0,487.0,488.0,489.0,490.0,492.0,492.0,492.0,492.0,492.0,491.0,491.0,491.0,491.0
non_defected/IMG_9276 Top Cup 32 (1).JPG,1,1320.9691162109375,1061.97705078125,491.0,491.0,491.0,490.0,492.0,489.0,488.0,490.0,489.0,490.0,490.0,491.0,491.0,491.0,491.0,492.0,491.0,490.0,489.0,488.0,487.0,488.0,487.0,487.0,487.0,489.0,488.0,490.0,490.0,490.0,490.0,491.0,492.0,493.0,493.0,493.0
non_defected/IMG_9279 Top Cup 33 (1).JPG,1,1215.4041748046875,1124.6845703125,492.0,490.0,490.0,489.0,489.0,490.0,489.0,490.0,491.0,493.0,491.0,492.0,492.0,492.0,491.0,490.0,491.0,489.0,488.0,487.0,485.0,485.0,485.0,484.0,485.0,486.0,487.0,489.0,489.0,490.0,491.0,492.0,493.0,493.0,492.0,492.0
non_defected/IMG_9282 Top Cup 34 (1).JPG,1,1371.9195556640625,1338.6734619140625,481.0,479.0,480.0,480.0,480.0,482.0,485.0,488.0,488.0,490.0,492.0,493.0,493.0,493.0,493.0,494.0,494.0,493.0,492.0,491.0,492.0,491.0,492.0,494.0,495.0,496.0,497.0,497.0,496.0,493.0,492.0,490.0,488.0,486.0,483.0,482.0
non_defected/IMG_9285 Top Cup 35 (1).JPG,1,1453.0,1416.0,488.0,487.0,487.0,488.0,488.0,491.0,494.0,491.0,491.0,493.0,493.0,495.0,493.0,493.0,493.0,493.0,493.0,490.0,489.0,487.0,486.0,486.0,485.0,485.0,486.0,487.0,488.0,490.0,490.0,491.0,492.0,491.0,492.0,491.0,489.0,489.0
non_defected/IMG_9288 Top Cup 36 (1).JPG,1,1506.7867431640625,1430.453369140625,491.0,491.0,491.0,491.0,491.0,490.0,490.0,490.0,491.0,492.0,490.0,491.0,491.0,490.0,492.0,492.0,491.0,490.0,492.0,491.0,490.0,490.0,490.0,490.0,490.0,489.0,490.0,489.0,488.0,488.0,489.0,490.0,491.0,491.0,491.0,491.0
non_defected/IMG_9291. Top Cup 37(1).JPG,1,1334.870361328125,1147.2913818359375,492.0,493.0,494.0,494.0,493.0,493.0,494.0,493.0,492.0,491.0,489.0,488.0,487.0,485.0,483.0,482.0,482.0,482.0,483.0,485.0,486.0,489.0,490.0,491.0,491.0,491.0,492.0,491.0,491.0,490.0,488.0,491.0,492.0,492.0,491.0,491.0
non_defected/IMG_9294 Top Cup 38 (1).JPG,1,1105.634033203125,1116.7310791015625,485.0,486.0,486.0,486.0,486.0,487.0,489.0,489.0,491.0,492.0,494.0,492.0,493.0,494.0,493.0,491.0,490.0,489.0,489.0,488.0,489.0,489.0,489.0,490.0,489.0,489.0,491.0,493.0,493.0,492.0,492.0,490.0,489.0,488.0,488.0,486.0
non_defected/IMG_9297 Top Cup 39 (1).JPG,1,1215.5,1207.5,488.0,488.0,487.0,488.0,487.0,489.0,489.0,490.0,491.0,492.0,492.0,493.0,491.0,490.0,489.0,489.0,487.0,488.0,487.0,488.0,488.0,489.0,489.0,489.0,490.0,492.0,493.0,493.0,493.0,493.0,491.0,491.0,489.0,488.0,488.0,488.0
non_defected/IMG_9300 Top Cup 40 (1).JPG,1,1197.0,1031.5,490.0,489.0,489.0,491.0,489.0,490.0,492.0,492.0,494.0,494.0,494.0,493.0,492.0,491.0,489.0,488.0,488.0,486.0,485.0,484.0,484.0,485.0,487.0,487.0,489.0,490.0,491.0,491.0,492.0,493.0,493.0,493.0,493.0,492.0,492.0,490.0
non_defected/IMG_9303 Top Cup 41 (1).JPG,1,1411.7801513671875,1279.9288330078125,486.0,486.0,485.0,485.0,487.0,487.0,488.0,490.0,493.0,494.0,496.0,495.0,497.0,496.0,495.0,494.0,493.0,492.0,491.0,490.0,490.0,489.0,489.0,489.0,491.0,490.0,492.0,493.0,493.0,494.0,493.0,492.0,491.0,489.0,488.0,487.0
non_defected/IMG_9305 Top Cup 42 (1).JPG,1,1018.2550659179688,1010.717529296875,485.0,484.0,483.0,483.0,484.0,485.0,486.0,489.0,491.0,492.0,494.0,494.0,494.0,496.0,495.0,496.0,494.0,494.0,492.0,493.0,493.0,492.0,491.0,492.0,492.0,493.0,494.0,495.0,494.0,495.0,494.0,492.0,491.0,489.0,487.0,485.0
non_defected/IMG_9308 Top Cup 43 (1).JPG,1,1020.8043823242188,1002.0791625976562,489.0,490.0,489.0,489.0,490.0,489.0,489.0,488.0,489.0,490.0,489.0,490.0,489.0,491.0,490.0,490.0,490.0,490.0,490.0,490.0,490.0,490.0,491.0,491.0,492.0,492.0,493.0,493.0,493.0,492.0,491.0,491.0,491.0,490.0,491.0,490.0
non_defected/IMG_9311 Top Cup 44 (1).JPG,1,1053.22705078125,1126.0087890625,490.0,489.0,489.0,489.0,489.0,489.0,489.0,489.0,490.0,491.0,490.0,491.0,490.0,490.0,490.0,490.0,490.0,489.0,488.0,488.0,487.0,486.0,487.0,488.0,490.0,492.0,490.0,491.0,491.0,491.0,491.0,491.0,491.0,492.0,490.0,490.0
non_defected/IMG_9314 Top Cup 45 (1).JPG,1,1142.9808349609375,1171.7510986328125,489.0,488.0,487.0,487.0,487.0,487.0,488.0,489.0,489.0,490.0,490.0,490.0,491.0,491.0,492.0,492.0,492.0,491.0,491.0,491.0,492.0,491.0,491.0,490.0,489.0,489.0,491.0,491.0,492.0,492.0,492.0,492.0,492.0,492.0,491.0,490.0
non_defected/IMG_9318 Top Cup 46 (1).JPG,1,1204.635009765625,1166.39404296875,487.0,487.0,486.0,485.0,486.0,487.0,488.0,488.0,489.0,490.0,490.0,491.0,490.0,490.0,490.0,489.0,490.0,491.0,490.0,489.0,489.0,490.0,490.0,491.0,492.0,493.0,493.0,493.0,493.0,493.0,492.0,492.0,491.0,490.0,489.0,488.0
non_defected/IMG_9321 Top Cup 47 (1).JPG,1,1176.8314208984375,1214.3443603515625,491.0,490.0,488.0,486.0,486.0,485.0,484.0,486.0,487.0,488.0,489.0,490.0,491.0,491.0,491.0,492.0,491.0,491.0,492.0,490.0,490.0,490.0,492.0,491.0,492.0,493.0,493.0,493.0,494.0,494.0,493.0,493.0,493.0,493.0,492.0,492.0
non_defected/IMG_9324 Top Cup 48 (1).JPG,1,1264.266845703125,1156.9869384765625,484.0,482.0,481.0,480.0,481.0,482.0,483.0,484.0,486.0,488.0,490.0,492.0,492.0,492.0,492.0,492.0,492.0,491.0,491.0,492.0,492.0,492.0,493.0,493.0,496.0,495.0,494.0,495.0,493.0,494.0,493.0,492.0,491.0,489.0,488.0,486.0
non_defected/IMG_9327 Top Cup 49 (1).JPG,1,1261.3125,1322.2769775390625,487.0,486.0,486.0,486.0,486.0,486.0,488.0,489.0,492.0,495.0,496.0,493.0,493.0,492.0,491.0,491.0,490.0,490.0,489.0,489.0,488.0,490.0,490.0,491.0,492.0,493.0,494.0,494.0,495.0,494.0,494.0,494.0,493.0,491.0,490.0,488.0
non_defected/IMG_9330 Top Cup 50 (1).JPG,1,1215.533447265625,1222.2906494140625,489.0,489.0,488.0,487.0,486.0,486.0,486.0,488.0,487.0,489.0,489.0,490.0,491.0,492.0,492.0,492.0,492.0,491.0,491.0,489.0,489.0,488.0,489.0,489.0,490.0,490.0,490.0,490.0,490.0,491.0,490.0,491.0,492.0,492.0,492.0,492.0
non_defected/IMG_9333 Top Cup 51 (1).JPG,1,964.7339477539062,1030.0299072265625,489.0,489.0,488.0,489.0,488.0,489.0,490.0,492.0,492.0,494.0,494.0,495.0,495.0,496.0,493.0,493.0,491.0,490.0,490.0,488.0,487.0,487.0,487.0,488.0,490.0,491.0,491.0,494.0,494.0,494.0,494.0,493.0,491.0,491.0,490.0,489.0
non_defected/IMG_9336 Top Cup 52 (1).JPG,1,1276.7740478515625,1308.8758544921875,490.0,490.0,489.0,487.0,487.0,487.0,487.0,489.0,490.0,490.0,491.0,491.0,492.0,491.0,490.0,490.0,490.0,489.0,489.0,488.0,488.0,487.0,489.0,489.0,489.0,490.0,491.0,492.0,493.0,494.0,493.0,493.0,493.0,493.0,493.0,492.0
non_defected/IMG_9339 Top Cup 53 (1).JPG,1,1360.369140625,1264.509765625,492.0,491.0,489.0,488.0,488.0,489.0,489.0,490.0,491.0,491.0,492.0,492.0,491.0,490.0,491.0,490.0,489.0,489.0,488.0,488.0,488.0,487.0,487.0,487.0,488.0,488.0,489.0,491.0,491.0,491.0,491.0,491.0,490.0,491.0,492.0,493.0
non_defected/IMG_9343 Top Cup 54 (1).JPG,1,1036.839111328125,1071.3109130859375,492.0,492.0,490.0,490.0,489.0,489.0,489.0,489.0,490.0,492.0,492.0,493.0,494.0,494.0,494.0,493.0,491.0,490.0,489.0,487.0,486.0,487.0,487.0,487.0,488.0,489.0,490.0,491.0,492.0,492.0,493.0,494.0,493.0,493.0,493.0,493.0
non_defected/IMG_9346 Top Cup 55 (1).JPG,1,1212.934326171875,1132.2117919921875,492.0,489.0,490.0,489.0,488.0,488.0,489.0,489.0,491.0,492.0,492.0,492.0,493.0,492.0,491.0,489.0,489.0,489.0,487.0,486.0,485.0,485.0,485.0,486.0,487.0,489.0,490.0,492.0,493.0,495.0,494.0,496.0,495.0,494.0,494.0,493.0
non_defected/IMG_9349 Top Cup 56 (1).JPG,1,1263.1273193359375,1218.2515869140625,493.0,491.0,490.0,489.0,489.0,489.0,489.0,490.0,492.0,493.0,493.0,492.0,493.0,493.0,492.0,491.0,492.0,490.0,488.0,487.0,485.0,485.0,484.0,486.0,486.0,489.0,491.0,492.0,493.0,494.0,494.0,495.0,495.0,495.0,494.0,493.0
non_defected/IMG_9353 Top Cup 57 (1).JPG,1,1205.51123046875,1153.122314453125,490.0,490.0,490.0,489.0,490.0,491.0,491.0,491.0,491.0,491.0,490.0,489.0,489.0,489.0,488.0,489.0,489.0,490.0,490.0,490.0,490.0,490.0,490.0,490.0,490.0,490.0,491.0,491.0,492.0,492.0,492.0,492.0,493.0,492.0,492.0,491.0
non_defected/IMG_9356 Top Cup 58 (1).JPG,1,870.2672729492188,853.3106689453125,342.0,342.0,341.0,341.0,343.0,344.0,345.0,346.0,347.0,348.0,348.0,348.0,347.0,347.0,346.0,345.0,345.0,344.0,344.0,344.0,345.0,344.0,346.0,347.0,348.0,348.0,349.0,349.0,350.0,349.0,347.0,346.0,345.0,345.0,343.0,342.0
non_defected/IMG_9359 Top Cup 59 (1).JPG,1,866.3283081054688,932.2810668945312,347.0,347.0,347.0,347.0,348.0,348.0,347.0,347.0,347.0,348.0,347.0,347.0,346.0,347.0,345.0,346.0,344.0,345.0,344.0,345.0,345.0,344.0,344.0,344.0,343.0,343.0,343.0,343.0,342.0,343.0,344.0,344.0,344.0,344.0,345.0,346.0
non_defected/IMG_9362 Top Cup 60 (1).JPG,1,893.2144775390625,911.7385864257812,342.0,343.0,343.0,345.0,346.0,346.0,348.0,349.0,349.0,348.0,348.0,347.0,347.0,346.0,346.0,345.0,346.0,346.0,347.0,347.0,347.0,347.0,347.0,347.0,347.0,347.0,346.0,346.0,344.0,343.0,341.0,340.0,340.0,340.0,340.0,341.0
non_defected/IMG_9365 Top Cup 61 (1).JPG,1,800.0759887695312,824.46826171875,347.0,347.0,347.0,346.0,346.0,346.0,345.0,344.0,345.0,345.0,345.0,344.0,345.0,344.0,343.0,343.0,344.0,344.0,345.0,345.0,346.0,346.0,346.0,345.0,346.0,346.0,346.0,345.0,346.0,344.0,345.0,345.0,346.0,346.0,346.0,346.0
non_defected/IMG_9368 Top Cup 62 (1).JPG,1,835.8391723632812,839.5580444335938,343.0,344.0,345.0,345.0,346.0,347.0,348.0,348.0,349.0,349.0,349.0,348.0,348.0,348.0,347.0,346.0,347.0,346.0,347.0,347.0,347.0,347.0,348.0,348.0,347.0,347.0,347.0,346.0,344.0,343.0,344.0,340.0,339.0,341.0,341.0,342.0
non_defected/IMG_9371 Top Cup 63 (1).JPG,1,773.9923706054688,826.3160400390625,341.0,340.0,339.0,339.0,340.0,340.0,341.0,341.0,343.0,344.0,345.0,345.0,347.0,348.0,348.0,349.0,350.0,350.0,350.0,350.0,350.0,351.0,349.0,349.0,348.0,348.0,348.0,347.0,348.0,347.0,348.0,347.0,347.0,345.0,344.0,342.0
non_defected/IMG_9374 Top Cup 64 (1).JPG,1,823.5489501953125,788.4617309570312,345.0,345.0,344.0,343.0,344.0,344.0,343.0,344.0,344.0,346.0,346.0,345.0,345.0,345.0,345.0,345.0,345.0,346.0,346.0,345.0,345.0,345.0,345.0,345.0,347.0,347.0,348.0,347.0,347.0,346.0,346.0,346.0,346.0,346.0,346.0,347.0
non_defected/IMG_9377 Top Cup 65 (1).JPG,1,750.58935546875,773.7892456054688,344.0,344.0,343.0,343.0,344.0,344.0,345.0,346.0,347.0,348.0,348.0,348.0,348.0,348.0,347.0,346.0,345.0,346.0,345.0,344.0,343.0,345.0,344.0,344.0,345.0,346.0,346.0,347.0,347.0,348.0,347.0,346.0,346.0,347.0,346.0,346.0
non_defected/IMG_9380 Top Cup 66 (1).JPG,1,838.5485229492188,890.25146484375,344.0,345.0,345.0,345.0,345.0,346.0,346.0,347.0,347.0,348.0,349.0,349.0,348.0,348.0,348.0,348.0,346.0,345.0,345.0,344.0,343.0,344.0,345.0,345.0,345.0,347.0,347.0,347.0,348.0,347.0,348.0,346.0,345.0,345.0,344.0,345.0
non_defected/IMG_9383 Top Cup 67 (1).JPG,1,894.0274047851562,822.97900390625,346.0,346.0,347.0,347.0,348.0,348.0,349.0,349.0,349.0,350.0,349.0,349.0,349.0,348.0,348.0,348.0,347.0,347.0,347.0,346.0,347.0,347.0,347.0,347.0,346.0,345.0,344.0,343.0,342.0,343.0,342.0,342.0,342.0,343.0,344.0,344.0
non_defected/IMG_9386 Top Cup 68 (1).JPG,1,853.3638305664062,903.79833984375,345.0,345.0,345.0,345.0,345.0,345.0,345.0,346.0,347.0,347.0,346.0,345.0,344.0,343.0,342.0,344.0,342.0,343.0,343.0,343.0,343.0,343.0,344.0,346.0,346.0,346.0,347.0,347.0,346.0,347.0,346.0,347.0,347.0,346.0,345.0,345.0
non_defected/IMG_9389 Top Cup 69 (1).JPG,1,936.291259765625,936.291259765625,345.0,344.0,343.0,343.0,343.0,343.0,345.0,346.0,347.0,348.0,348.0,348.0,348.0,347.0,346.0,347.0,346.0,347.0,346.0,347.0,346.0,346.0,346.0,346.0,347.0,348.0,348.0,347.0,348.0,347.0,348.0,347.0,347.0,346.0,345.0,345.0
non_defected/IMG_9392 Top Cup 70 (1).JPG,1,948.191650390625,915.1731567382812,346.0,346.0,347.0,346.0,346.0,347.0,347.0,348.0,348.0,349.0,348.0,348.0,346.0,347.0,346.0,347.0,346.0,346.0,346.0,346.0,346.0,346.0,346.0,346.0,347.0,347.0,345.0,345.0,345.0,345.0,345.0,345.0,347.0,346.0,347.0,346.0
non_defected/IMG_9395 Top Cup 71 (1).JPG,1,975.8658447265625,936.5037231445312,345.0,344.0,343.0,343.0,343.0,343.0,344.0,343.0,344.0,344.0,345.0,344.0,345.0,345.0,346.0,345.0,346.0,346.0,347.0,346.0,346.0,346.0,346.0,346.0,347.0,347.0,348.0,348.0,348.0,347.0,347.0,346.0,346.0,346.0,346.0,345.0
non_defected/IMG_9398 Top Cup 72 (1).JPG,1,806.6172485351562,839.5164184570312,349.0,350.0,348.0,349.0,349.0,349.0,348.0,348.0,348.0,348.0,348.0,347.0,347.0,346.0,344.0,344.0,343.0,342.0,342.0,342.0,342.0,342.0,343.0,344.0,345.0,345.0,346.0,347.0,348.0,349.0,348.0,349.0,349.0,349.0,348.0,349.0
non_defected/IMG_9401 Top Cup 73 (1).JPG,1,907.0482788085938,826.4533081054688,345.0,344.0,348.0,345.0,346.0,347.0,347.0,347.0,347.0,348.0,348.0,347.0,347.0,347.0,347.0,346.0,346.0,345.0,345.0,344.0,345.0,344.0,344.0,344.0,345.0,345.0,346.0,346.0,347.0,346.0,346.0,345.0,344.0,344.0,345.0,345.0
non_defected/IMG_9404 Top Cup 74 (1).JPG,1,843.5,847.5,344.0,343.0,342.0,343.0,343.0,344.0,344.0,345.0,346.0,346.0,347.0,346.0,348.0,348.0,346.0,347.0,346.0,346.0,345.0,345.0,343.0,343.0,343.0,344.0,344.0,345.0,345.0,345.0,346.0,346.0,347.0,347.0,346.0,346.0,345.0,345.0
non_defected/IMG_9407 Top Cup 75 (1).JPG,1,930.4727172851562,860.8724975585938,346.0,346.0,345.0,346.0,345.0,346.0,346.0,347.0,348.0,349.0,349.0,348.0,348.0,347.0,346.0,346.0,346.0,346.0,345.0,345.0,345.0,346.0,346.0,347.0,347.0,347.0,348.0,349.0,348.0,349.0,347.0,347.0,348.0,347.0,346.0,346.0
non_defected/IMG_9410 Top Cup 76 (1).JPG,1,933.6512451171875,927.6538696289062,346.0,346.0,345.0,346.0,345.0,346.0,346.0,346.0,347.0,346.0,347.0,346.0,344.0,344.0,343.0,342.0,343.0,344.0,345.0,343.0,343.0,344.0,343.0,344.0,345.0,345.0,346.0,347.0,347.0,347.0,347.0,347.0,345.0,346.0,345.0,346.0
non_defected/IMG_9413 Top Cup 77 (1).JPG,1,836.5360717773438,829.127197265625,347.0,348.0,347.0,347.0,345.0,346.0,345.0,346.0,347.0,348.0,347.0,347.0,346.0,346.0,346.0,346.0,344.0,344.0,345.0,344.0,343.0,342.0,343.0,343.0,344.0,346.0,346.0,348.0,348.0,349.0,349.0,349.0,348.0,348.0,347.0,348.0
non_defected/IMG_9416 Top Cup 78 (1).JPG,1,943.6710815429688,864.8771362304688,345.0,344.0,343.0,342.0,342.0,342.0,344.0,345.0,345.0,346.0,347.0,347.0,347.0,347.0,347.0,347.0,347.0,347.0,347.0,347.0,347.0,345.0,345.0,346.0,347.0,348.0,348.0,349.0,349.0,349.0,349.0,347.0,348.0,347.0,346.0,346.0
non_defected/IMG_9419 Top Cup 78 (1).JPG,1,892.1801147460938,916.5579223632812,345.0,344.0,344.0,343.0,343.0,342.0,342.0,343.0,344.0,344.0,346.0,345.0,346.0,347.0,347.0,346.0,346.0,345.0,345.0,343.0,343.0,343.0,343.0,343.0,344.0,344.0,346.0,347.0,347.0,347.0,348.0,348.0,348.0,347.0,347.0,346.0
non_defected/IMG_9422 Top Cup 80 (1).JPG,1,1055.4833984375,991.7918090820312,347.0,346.0,345.0,346.0,345.0,346.0,347.0,346.0,346.0,347.0,347.0,347.0,347.0,346.0,345.0,346.0,345.0,345.0,344.0,344.0,343.0,343.0,343.0,343.0,344.0,343.0,345.0,346.0,346.0,347.0,347.0,347.0,346.0,347.0,346.0,346.0
non_defected/IMG_9425 Top Cup 81 (1).JPG,1,959.5,944.0,344.0,344.0,344.0,345.0,345.0,346.0,347.0,348.0,348.0,349.0,349.0,348.0,349.0,347.0,346.0,346.0,346.0,345.0,345.0,345.0,344.0,345.0,345.0,346.0,345.0,346.0,346.0,346.0,345.0,346.0,345.0,344.0,345.0,345.0,344.0,345.0
non_defected/IMG_9428 Top Cup 82 (1).JPG,1,996.9960327148438,983.3388061523438,343.0,342.0,342.0,342.0,342.0,342.0,342.0,343.0,345.0,346.0,346.0,347.0,347.0,347.0,348.0,347.0,347.0,346.0,346.0,345.0,345.0,344.0,346.0,348.0,346.0,347.0,348.0,348.0,349.0,348.0,348.0,348.0,347.0,346.0,345.0,344.0
non_defected/IMG_9431 Top Cup 83 (1).JPG,1,764.4861450195312,781.6539306640625,347.0,347.0,346.0,347.0,347.0,346.0,347.0,346.0,347.0,346.0,346.0,345.0,344.0,344.0,343.0,342.0,343.0,343.0,342.0,343.0,343.0,343.0,344.0,344.0,345.0,347.0,347.0,348.0,348.0,348.0,348.0,348.0,348.0,347.0,346.0,347.0
non_defected/IMG_9434 Top Cup 84 (1).JPG,1,883.3165283203125,863.1666259765625,347.0,346.0,345.0,346.0,346.0,346.0,346.0,347.0,346.0,347.0,346.0,346.0,345.0,344.0,344.0,343.0,344.0,341.0,342.0,341.0,342.0,342.0,342.0,343.0,344.0,345.0,346.0,347.0,347.0,348.0,348.0,348.0,348.0,348.0,348.0,347.0
non_defected/IMG_9437 Top Cup 85 (1).JPG,1,933.8414916992188,947.6864624023438,342.0,342.0,344.0,344.0,346.0,345.0,346.0,347.0,347.0,347.0,347.0,348.0,347.0,346.0,347.0,346.0,346.0,345.0,346.0,345.0,345.0,345.0,346.0,345.0,346.0,347.0,346.0,346.0,345.0,344.0,344.0,343.0,342.0,342.0,343.0,341.0
non_defected/IMG_9440 Top Cup 86 (1).JPG,1,921.5083618164062,891.2222900390625,341.0,344.0,345.0,346.0,346.0,347.0,344.0,342.0,342.0,342.0,341.0,342.0,341.0,342.0,344.0,343.0,344.0,345.0,346.0,345.0,344.0,345.0,344.0,344.0,345.0,345.0,346.0,348.0,349.0,348.0,347.0,346.0,344.0,342.0,342.0,341.0
non_defected/IMG_9443 Top Cup 87 (1).JPG,1,894.9481201171875,864.7863159179688,343.0,342.0,342.0,343.0,345.0,345.0,347.0,347.0,346.0,346.0,344.0,344.0,344.0,345.0,344.0,346.0,346.0,346.0,347.0,346.0,346.0,345.0,345.0,345.0,345.0,345.0,345.0,346.0,346.0,346.0,346.0,346.0,346.0,346.0,345.0,343.0
non_defected/IMG_9446 Top Cup 88 (1).JPG,1,947.3737182617188,948.5443115234375,347.0,347.0,348.0,346.0,347.0,346.0,347.0,346.0,348.0,347.0,347.0,345.0,346.0,345.0,344.0,343.0,343.0,343.0,342.0,343.0,342.0,343.0,344.0,344.0,345.0,345.0,346.0,347.0,348.0,347.0,347.0,348.0,348.0,347.0,348.0,347.0
non_defected/IMG_9449 Top Cup 89 (1).JPG,1,868.2862548828125,876.9530639648438,343.0,343.0,343.0,344.0,344.0,345.0,345.0,346.0,346.0,347.0,347.0,347.0,346.0,347.0,347.0,347.0,347.0,347.0,346.0,346.0,345.0,345.0,346.0,346.0,346.0,347.0,347.0,348.0,347.0,348.0,347.0,347.0,345.0,345.0,344.0,343.0
non_defected/IMG_9454 Top Cup 90 (1).JPG,1,942.69677734375,894.7838745117188,345.0,346.0,345.0,346.0,346.0,347.0,348.0,348.0,347.0,348.0,347.0,346.0,345.0,346.0,345.0,345.0,346.0,345.0,346.0,346.0,346.0,345.0,345.0,345.0,347.0,347.0,348.0,349.0,348.0,348.0,346.0,346.0,346.0,345.0,345.0,345.0
non_defected/IMG_9457 Top Cup 91 (1).JPG,1,909.0343017578125,903.5081787109375,345.0,347.0,348.0,349.0,350.0,350.0,349.0,348.0,348.0,345.0,345.0,344.0,343.0,344.0,346.0,346.0,348.0,349.0,350.0,350.0,350.0,350.0,351.0,349.0,348.0,347.0,346.0,344.0,342.0,340.0,339.0,339.0,338.0,339.0,342.0,343.0
non_defected/IMG_9460 Top Cup 92 (1).JPG,1,840.572998046875,835.4312744140625,346.0,346.0,345.0,345.0,344.0,344.0,345.0,345.0,346.0,348.0,348.0,349.0,349.0,349.0,349.0,349.0,349.0,347.0,346.0,345.0,344.0,344.0,344.0,344.0,346.0,346.0,348.0,348.0,350.0,351.0,350.0,350.0,349.0,348.0,348.0,348.0
non_defected/IMG_9463 Top Cup 93 (1).JPG,1,781.8505859375,761.6843872070312,348.0,347.0,348.0,348.0,349.0,348.0,349.0,347.0,349.0,348.0,349.0,348.0,349.0,348.0,348.0,347.0,350.0,347.0,347.0,345.0,345.0,343.0,342.0,341.0,341.0,341.0,342.0,343.0,344.0,344.0,346.0,347.0,347.0,348.0,348.0,347.0
non_defected/IMG_9466 Top Cup 94 (1).JPG,1,910.1546020507812,860.6631469726562,348.0,347.0,347.0,346.0,346.0,345.0,344.0,345.0,345.0,345.0,346.0,346.0,347.0,346.0,346.0,346.0,347.0,346.0,346.0,345.0,345.0,345.0,346.0,347.0,346.0,347.0,347.0,348.0,347.0,347.0,346.0,347.0,348.0,347.0,349.0,348.0
non_defected/IMG_9469 Top Cup 95 (1).JPG,1,1068.8372802734375,1007.1631469726562,350.0,350.0,349.0,348.0,348.0,348.0,348.0,350.0,349.0,349.0,348.0,347.0,346.0,346.0,346.0,347.0,348.0,348.0,349.0,349.0,348.0,347.0,347.0,345.0,345.0,344.0,344.0,345.0,343.0,340.0,336.0,334.0,334.0,336.0,339.0,344.0
non_defected/IMG_9472 Top Cup 96 (1).JPG,1,898.848388671875,882.7156372070312,340.0,339.0,337.0,337.0,338.0,338.0,339.0,341.0,343.0,345.0,347.0,349.0,351.0,351.0,352.0,352.0,351.0,350.0,350.0,349.0,349.0,348.0,348.0,348.0,348.0,349.0,349.0,350.0,349.0,350.0,350.0,349.0,348.0,345.0,344.0,342.0
non_defected/IMG_9475 Cup 97 Top  (1).JPG,1,869.6934204101562,833.1204223632812,345.0,347.0,347.0,347.0,349.0,350.0,351.0,351.0,351.0,352.0,351.0,350.0,347.0,345.0,344.0,343.0,341.0,342.0,342.0,342.0,343.0,344.0,345.0,347.0,349.0,349.0,350.0,349.0,350.0,348.0,349.0,347.0,347.0,346.0,345.0,346.0
non_defected/IMG_9478 Cup 98 Top (1).JPG,1,780.9967041015625,760.34765625,346.0,346.0,347.0,347.0,348.0,348.0,348.0,349.0,349.0,351.0,351.0,350.0,349.0,348.0,347.0,345.0,345.0,343.0,343.0,342.0,342.0,342.0,341.0,342.0,343.0,344.0,346.0,347.0,348.0,348.0,349.0,348.0,348.0,346.0,346.0,346.0
non_defected/IMG_9481 Cup 99 top (1).JPG,1,766.6123657226562,797.7460327148438,324.0,323.0,324.0,324.0,324.0,324.0,325.0,325.0,327.0,327.0,327.0,328.0,327.0,326.0,325.0,325.0,324.0,324.0,325.0,326.0,323.0,323.0,323.0,323.0,325.0,326.0,329.0,330.0,330.0,330.0,329.0,328.0,327.0,327.0,325.0,324.0
non_defected/IMG_9484 Cup 100 top (1).JPG,1,822.8821411132812,780.0571899414062,326.0,326.0,326.0,326.0,325.0,325.0,325.0,326.0,327.0,327.0,327.0,327.0,328.0,327.0,327.0,327.0,325.0,327.0,327.0,326.0,327.0,327.0,327.0,326.0,327.0,326.0,325.0,326.0,327.0,327.0,327.0,327.0,326.0,327.0,326.0,326.0
non_defected/IMG_9487 Vup 101 Top (1).JPG,1,890.4317626953125,919.9996337890625,325.0,324.0,324.0,325.0,326.0,326.0,327.0,328.0,328.0,328.0,328.0,328.0,327.0,327.0,327.0,326.0,324.0,323.0,323.0,323.0,324.0,324.0,324.0,325.0,324.0,325.0,326.0,325.0,324.0,325.0,326.0,326.0,325.0,325.0,325.0,324.0
non_defected/IMG_9490 Cup 101 Top (1).JPG,1,761.4876098632812,747.271240234375,327.0,326.0,326.0,325.0,326.0,326.0,326.0,326.0,327.0,327.0,327.0,325.0,326.0,326.0,326.0,325.0,324.0,324.0,323.0,323.0,324.0,323.0,324.0,324.0,324.0,324.0,324.0,324.0,325.0,325.0,325.0,326.0,326.0,326.0,326.0,326.0
non_defected/IMG_9493 Cup 102 top (1).JPG,1,857.623046875,859.9754028320312,327.0,327.0,327.0,327.0,328.0,329.0,328.0,329.0,329.0,329.0,329.0,329.0,327.0,327.0,326.0,325.0,324.0,324.0,323.0,323.0,322.0,322.0,322.0,322.0,323.0,323.0,325.0,326.0,326.0,327.0,328.0,329.0,328.0,328.0,327.0,327.0
non_defected/IMG_9496 Cup 103 Top (1).JPG,1,865.9771118164062,850.0528564453125,325.0,325.0,322.0,322.0,322.0,322.0,324.0,324.0,326.0,327.0,327.0,327.0,327.0,326.0,326.0,326.0,326.0,325.0,325.0,324.0,324.0,324.0,325.0,325.0,326.0,327.0,328.0,329.0,329.0,329.0,329.0,329.0,328.0,327.0,327.0,326.0
non_defected/IMG_9499 Cup 104 Top (1).JPG,1,864.8167114257812,844.8711547851562,323.0,324.0,324.0,325.0,325.0,325.0,326.0,327.0,327.0,327.0,327.0,327.0,327.0,326.0,326.0,325.0,325.0,325.0,325.0,325.0,324.0,325.0,325.0,326.0,327.0,329.0,329.0,329.0,329.0,328.0,324.0,323.0,323.0,321.0,322.0,322.0
non_defected/IMG_9501 Top Cup 105 (1).JPG,1,864.8167114257812,844.8711547851562,323.0,324.0,324.0,325.0,325.0,325.0,326.0,327.0,327.0,327.0,327.0,327.0,327.0,326.0,326.0,325.0,325.0,325.0,325.0,325.0,324.0,325.0,325.0,326.0,327.0,329.0,329.0,329.0,329.0,328.0,324.0,323.0,323.0,321.0,322.0,322.0
non_defected/IMG_9504 Top Cup 106 (1).JPG,1,885.2552490234375,847.9325561523438,328.0,327.0,327.0,326.0,327.0,326.0,328.0,329.0,329.0,328.0,328.0,329.0,328.0,328.0,327.0,326.0,324.0,322.0,321.0,319.0,319.0,319.0,320.0,321.0,322.0,324.0,325.0,326.0,327.0,328.0,329.0,329.0,329.0,329.0,329.0,328.0
non_defected/IMG_9507 Top Cup 107 (1).JPG,1,892.0982055664062,858.10400390625,327.0,327.0,328.0,327.0,327.0,327.0,328.0,328.0,329.0,329.0,328.0,327.0,327.0,325.0,324.0,323.0,324.0,323.0,323.0,323.0,321.0,322.0,324.0,325.0,326.0,327.0,327.0,327.0,326.0,326.0,325.0,325.0,325.0,325.0,326.0,326.0
non_defected/IMG_9510 Top Cup 108 (1).JPG,1,867.543212890625,861.9027709960938,325.0,325.0,322.0,323.0,322.0,322.0,322.0,325.0,325.0,326.0,327.0,328.0,329.0,328.0,328.0,328.0,329.0,329.0,328.0,326.0,326.0,325.0,325.0,324.0,324.0,324.0,325.0,326.0,326.0,327.0,327.0,327.0,327.0,327.0,327.0,326.0
non_defected/IMG_9513  Top Cup 109 (1).JPG,1,689.1756591796875,682.7216796875,228.0,227.0,226.0,226.0,227.0,227.0,227.0,228.0,229.0,229.0,230.0,230.0,230.0,230.0,229.0,229.0,228.0,229.0,228.0,228.0,228.0,228.0,228.0,229.0,229.0,231.0,231.0,233.0,232.0,232.0,232.0,232.0,231.0,230.0,229.0,228.0
non_defected/IMG_9516 Top Cup 110 (1).JPG,1,649.6165771484375,657.5708618164062,226.0,226.0,226.0,224.0,224.0,225.0,228.0,228.0,230.0,231.0,232.0,230.0,230.0,229.0,229.0,228.0,228.0,229.0,229.0,229.0,229.0,229.0,230.0,230.0,232.0,232.0,233.0,234.0,233.0,234.0,234.0,232.0,232.0,229.0,228.0,228.0
non_defected/IMG_9519 Top Cup 111 (1).JPG,1,714.999755859375,696.4989624023438,228.0,227.0,228.0,229.0,229.0,230.0,230.0,231.0,232.0,233.0,232.0,231.0,231.0,230.0,229.0,229.0,229.0,228.0,228.0,227.0,229.0,227.0,229.0,228.0,229.0,228.0,229.0,229.0,229.0,228.0,228.0,228.0,228.0,227.0,228.0,227.0
non_defected/IMG_9522 Top Cup 112 (1).JPG,1,634.7277221679688,631.7056884765625,228.0,227.0,227.0,228.0,227.0,229.0,229.0,229.0,230.0,230.0,231.0,230.0,230.0,230.0,229.0,228.0,228.0,228.0,228.0,227.0,227.0,228.0,229.0,229.0,229.0,231.0,231.0,232.0,231.0,232.0,232.0,232.0,231.0,230.0,229.0,229.0
non_defected/IMG_9525 Top Cup 113 (1).JPG,1,657.0,655.0,229.0,228.0,229.0,229.0,228.0,228.0,229.0,229.0,228.0,230.0,230.0,230.0,230.0,230.0,228.0,229.0,230.0,230.0,231.0,230.0,231.0,230.0,230.0,230.0,230.0,229.0,228.0,229.0,228.0,228.0,229.0,228.0,228.0,227.0,228.0,228.0
non_defected/IMG_9528 Top Cup 114 (1).JPG,1,642.0814819335938,652.7476806640625,230.0,229.0,230.0,230.0,230.0,231.0,231.0,232.0,233.0,232.0,232.0,231.0,230.0,229.0,228.0,226.0,226.0,225.0,224.0,223.0,224.0,225.0,225.0,227.0,228.0,228.0,229.0,231.0,231.0,231.0,231.0,231.0,231.0,230.0,230.0,229.0
non_defected/IMG_9531 Top Cup 115 (1).JPG,1,638.30908203125,624.2335815429688,227.0,228.0,228.0,231.0,231.0,231.0,231.0,232.0,232.0,232.0,231.0,231.0,230.0,230.0,230.0,230.0,229.0,230.0,229.0,230.0,230.0,230.0,230.0,230.0,230.0,229.0,230.0,229.0,228.0,227.0,227.0,226.0,227.0,227.0,225.0,226.0
non_defected/IMG_9534 Top Cup 116 (1).JPG,1,663.284912109375,652.4302368164062,226.0,226.0,226.0,227.0,228.0,228.0,229.0,229.0,229.0,231.0,230.0,229.0,230.0,229.0,229.0,228.0,227.0,227.0,225.0,225.0,225.0,224.0,225.0,226.0,229.0,231.0,233.0,231.0,231.0,232.0,234.0,233.0,229.0,227.0,226.0,225.0
non_defected/IMG_9537 Top Cup 117 (1).JPG,1,614.010498046875,636.0794067382812,231.0,231.0,231.0,231.0,230.0,230.0,230.0,230.0,229.0,228.0,226.0,225.0,225.0,224.0,224.0,225.0,225.0,225.0,226.0,226.0,227.0,227.0,228.0,230.0,231.0,231.0,232.0,232.0,232.0,231.0,230.0,230.0,230.0,231.0,231.0,231.0
non_defected/IMG_9540 Top Cup 118 (1).JPG,1,644.6689453125,618.2096557617188,227.0,226.0,224.0,223.0,224.0,223.0,223.0,224.0,225.0,227.0,228.0,229.0,229.0,231.0,230.0,231.0,231.0,231.0,231.0,230.0,231.0,229.0,229.0,230.0,230.0,231.0,232.0,232.0,233.0,232.0,232.0,232.0,232.0,231.0,230.0,229.0
non_defected/IMG_9543 Top Cup 119 (1).JPG,1,628.567138671875,642.6758422851562,226.0,227.0,227.0,228.0,229.0,230.0,231.0,233.0,233.0,233.0,234.0,233.0,233.0,231.0,230.0,228.0,227.0,226.0,226.0,226.0,226.0,227.0,229.0,232.0,233.0,233.0,233.0,233.0,232.0,232.0,230.0,230.0,229.0,228.0,227.0,227.0
non_defected/IMG_9546 Top Cup 120 (1).JPG,1,640.3297729492188,658.1595458984375,232.0,233.0,234.0,234.0,234.0,234.0,234.0,235.0,234.0,234.0,234.0,234.0,233.0,233.0,231.0,231.0,232.0,233.0,233.0,233.0,232.0,230.0,226.0,223.0,222.0,222.0,223.0,221.0,219.0,217.0,218.0,218.0,219.0,222.0,225.0,229.0
non_defected/IMG_9549 Top Cup 121 (1).JPG,1,630.9391479492188,626.3287963867188,229.0,230.0,229.0,230.0,230.0,230.0,229.0,228.0,228.0,229.0,228.0,228.0,228.0,228.0,229.0,231.0,231.0,230.0,230.0,229.0,228.0,227.0,227.0,227.0,228.0,228.0,229.0,228.0,229.0,229.0,230.0,232.0,232.0,232.0,230.0,230.0
non_defected/IMG_9552 Top Cup 122 (1).JPG,1,642.975341796875,666.9852294921875,233.0,233.0,232.0,232.0,231.0,231.0,231.0,230.0,229.0,230.0,229.0,230.0,231.0,231.0,231.0,230.0,228.0,226.0,226.0,224.0,224.0,224.0,224.0,227.0,227.0,230.0,233.0,232.0,231.0,231.0,232.0,231.0,231.0,232.0,232.0,233.0
non_defected/IMG_9555 Top Cup 123 (1).JPG,1,631.390869140625,612.0641479492188,232.0,231.0,230.0,229.0,230.0,231.0,231.0,232.0,231.0,233.0,233.0,233.0,234.0,233.0,233.0,232.0,232.0,232.0,230.0,228.0,227.0,226.0,224.0,223.0,223.0,222.0,223.0,224.0,225.0,227.0,229.0,230.0,232.0,234.0,233.0,232.0
non_defected/IMG_9558 Top Cup 124 (1).JPG,1,645.5493774414062,650.5647583007812,230.0,230.0,230.0,230.0,231.0,230.0,230.0,230.0,230.0,229.0,229.0,228.0,228.0,228.0,228.0,228.0,227.0,228.0,229.0,228.0,228.0,228.0,228.0,228.0,229.0,229.0,230.0,231.0,231.0,230.0,230.0,231.0,231.0,231.0,230.0,231.0
non_defected/IMG_9561 Top Cup 125 (1).JPG,1,641.344482421875,660.9885864257812,228.0,228.0,228.0,229.0,229.0,230.0,230.0,231.0,232.0,231.0,232.0,230.0,230.0,230.0,230.0,230.0,229.0,230.0,230.0,229.0,229.0,230.0,230.0,231.0,231.0,231.0,231.0,231.0,230.0,230.0,229.0,228.0,228.0,227.0,227.0,228.0
non_defected/IMG_9564 Top Cup 126 (1).JPG,1,647.6867065429688,661.6611328125,229.0,230.0,230.0,229.0,229.0,229.0,230.0,230.0,230.0,230.0,230.0,229.0,229.0,229.0,229.0,229.0,229.0,229.0,230.0,229.0,229.0,229.0,230.0,230.0,232.0,232.0,232.0,232.0,231.0,231.0,230.0,229.0,229.0,229.0,229.0,229.0
non_defected/IMG_9567 Top Cup 127 (1).JPG,1,642.501708984375,641.667236328125,230.0,230.0,231.0,231.0,232.0,232.0,232.0,232.0,233.0,233.0,234.0,232.0,232.0,231.0,230.0,230.0,229.0,229.0,228.0,227.0,227.0,227.0,226.0,227.0,227.0,227.0,228.0,229.0,228.0,228.0,228.0,228.0,229.0,229.0,229.0,230.0
non_defected/IMG_9570 Top Cup 128 (1).JPG,1,619.2896118164062,622.2925415039062,231.0,230.0,230.0,231.0,230.0,231.0,231.0,231.0,230.0,231.0,230.0,231.0,231.0,232.0,231.0,231.0,231.0,231.0,232.0,231.0,229.0,229.0,229.0,229.0,228.0,228.0,228.0,228.0,229.0,229.0,229.0,230.0,230.0,230.0,230.0,230.0
non_defected/IMG_9573 Top Cup 129 (1).JPG,1,655.0088500976562,642.3095703125,227.0,227.0,227.0,229.0,228.0,229.0,229.0,230.0,231.0,231.0,230.0,230.0,229.0,229.0,228.0,229.0,229.0,228.0,229.0,229.0,230.0,230.0,231.0,231.0,232.0,232.0,233.0,232.0,232.0,231.0,230.0,229.0,228.0,227.0,227.0,226.0
non_defected/IMG_9576 Top Cup 130 (1).JPG,1,654.8709716796875,655.9677734375,229.0,229.0,229.0,229.0,228.0,230.0,230.0,230.0,231.0,231.0,231.0,231.0,231.0,230.0,230.0,228.0,229.0,228.0,228.0,227.0,229.0,227.0,228.0,228.0,229.0,230.0,230.0,231.0,231.0,231.0,232.0,230.0,230.0,229.0,230.0,230.0
non_defected/IMG_9579 Top Cup 131 (1).JPG,1,653.7765502929688,608.8163452148438,230.0,229.0,229.0,228.0,229.0,230.0,230.0,231.0,232.0,232.0,233.0,232.0,232.0,231.0,231.0,231.0,231.0,230.0,230.0,229.0,227.0,227.0,228.0,228.0,228.0,229.0,229.0,230.0,230.0,231.0,231.0,232.0,231.0,231.0,230.0,230.0
non_defected/IMG_9582 Top Cup 132 (1).JPG,1,611.8190307617188,614.1519165039062,228.0,228.0,228.0,228.0,228.0,229.0,230.0,230.0,230.0,232.0,232.0,232.0,232.0,232.0,232.0,232.0,232.0,231.0,231.0,230.0,230.0,229.0,229.0,228.0,229.0,230.0,229.0,229.0,229.0,229.0,229.0,229.0,229.0,229.0,228.0,228.0
non_defected/IMG_9585 Top Cup 133 (1).JPG,1,627.3886108398438,628.3895874023438,232.0,231.0,230.0,230.0,231.0,230.0,230.0,232.0,231.0,232.0,232.0,233.0,232.0,231.0,231.0,230.0,229.0,229.0,227.0,227.0,225.0,224.0,224.0,224.0,226.0,227.0,228.0,229.0,230.0,230.0,231.0,231.0,232.0,232.0,232.0,232.0
non_defected/IMG_9588 Top Cup 134 (1).JPG,1,644.3338623046875,653.9166259765625,230.0,229.0,229.0,229.0,229.0,229.0,230.0,230.0,232.0,231.0,232.0,232.0,230.0,230.0,230.0,229.0,230.0,229.0,228.0,228.0,229.0,227.0,227.0,228.0,228.0,230.0,230.0,231.0,231.0,231.0,231.0,231.0,230.0,229.0,230.0,230.0
non_defected/IMG_9591 Top Cup 135 (1).JPG,1,638.1641845703125,656.2279663085938,227.0,227.0,228.0,227.0,228.0,229.0,229.0,233.0,231.0,232.0,232.0,233.0,232.0,232.0,231.0,233.0,230.0,231.0,230.0,230.0,229.0,231.0,229.0,229.0,229.0,229.0,230.0,230.0,231.0,230.0,230.0,230.0,229.0,228.0,228.0,227.0
non_defected/IMG_9594 Top Cup 136 (1).JPG,1,648.9031372070312,649.1168212890625,229.0,230.0,230.0,230.0,231.0,231.0,232.0,232.0,231.0,232.0,230.0,230.0,230.0,230.0,229.0,229.0,229.0,229.0,230.0,230.0,230.0,231.0,231.0,231.0,231.0,232.0,232.0,231.0,230.0,228.0,228.0,226.0,226.0,226.0,227.0,229.0
non_defected/IMG_9597 Top Cup 137 (1).JPG,1,615.9793701171875,588.1892700195312,229.0,228.0,229.0,230.0,231.0,232.0,232.0,233.0,233.0,233.0,233.0,232.0,231.0,231.0,230.0,229.0,228.0,226.0,226.0,225.0,226.0,226.0,227.0,227.0,228.0,228.0,230.0,230.0,231.0,230.0,231.0,231.0,231.0,231.0,231.0,231.0
non_defected/IMG_9600 Top Cup 138 (1).JPG,1,635.7111206054688,621.1166381835938,228.0,228.0,227.0,227.0,227.0,227.0,228.0,229.0,229.0,230.0,229.0,231.0,231.0,231.0,231.0,231.0,231.0,231.0,231.0,230.0,231.0,230.0,230.0,231.0,231.0,231.0,231.0,231.0,231.0,230.0,230.0,229.0,229.0,229.0,228.0,228.0
non_defected/IMG_9603 Top Cup 139 (1).JPG,1,632.7471313476562,627.9555053710938,228.0,228.0,228.0,228.0,229.0,230.0,230.0,230.0,231.0,230.0,231.0,229.0,230.0,230.0,231.0,230.0,231.0,231.0,231.0,230.0,231.0,229.0,230.0,230.0,230.0,231.0,230.0,231.0,230.0,230.0,230.0,230.0,229.0,229.0,228.0,228.0
non_defected/IMG_9606 Top Cup 140 (1).JPG,1,644.1248779296875,647.9132690429688,229.0,228.0,229.0,228.0,229.0,228.0,230.0,231.0,232.0,232.0,232.0,232.0,232.0,231.0,232.0,230.0,230.0,230.0,229.0,229.0,228.0,228.0,228.0,229.0,228.0,229.0,229.0,230.0,230.0,230.0,230.0,230.0,230.0,230.0,230.0,229.0
non_defected/IMG_9609 Top Cup 141 (1).JPG,1,1270.9464111328125,1097.3348388671875,463.0,463.0,463.0,461.0,462.0,462.0,461.0,461.0,462.0,462.0,462.0,460.0,460.0,462.0,461.0,461.0,462.0,461.0,461.0,460.0,460.0,458.0,458.0,457.0,459.0,458.0,459.0,460.0,461.0,461.0,461.0,462.0,462.0,463.0,464.0,463.0
non_defected/IMG_9612 Top Cup 142 (1).JPG,1,1308.772216796875,1051.0291748046875,458.0,458.0,459.0,460.0,460.0,462.0,462.0,462.0,463.0,462.0,461.0,462.0,459.0,459.0,459.0,459.0,458.0,459.0,460.0,461.0,461.0,462.0,462.0,462.0,463.0,463.0,463.0,463.0,463.0,462.0,462.0,462.0,460.0,460.0,458.0,458.0
non_defected/IMG_9615 Top Cup 143 (1).JPG,1,1304.9688720703125,1157.91455078125,457.0,456.0,455.0,457.0,458.0,459.0,461.0,462.0,463.0,464.0,463.0,463.0,463.0,463.0,463.0,463.0,464.0,463.0,463.0,462.0,463.0,462.0,462.0,462.0,462.0,463.0,463.0,462.0,462.0,462.0,462.0,461.0,460.0,459.0,459.0,458.0
non_defected/IMG_9618 Top Cup 144 (1).JPG,1,1103.3817138671875,990.4918823242188,463.0,463.0,462.0,461.0,459.0,458.0,459.0,459.0,457.0,459.0,459.0,459.0,460.0,459.0,460.0,461.0,461.0,462.0,462.0,462.0,461.0,462.0,461.0,462.0,462.0,463.0,464.0,463.0,464.0,462.0,463.0,463.0,463.0,464.0,465.0,464.0
non_defected/IMG_9621 Top Cup 145 (1).JPG,1,1146.12841796875,1044.140869140625,462.0,462.0,461.0,459.0,459.0,460.0,460.0,462.0,464.0,464.0,463.0,462.0,462.0,462.0,462.0,461.0,463.0,461.0,462.0,461.0,461.0,461.0,461.0,461.0,461.0,461.0,462.0,462.0,461.0,461.0,461.0,462.0,462.0,463.0,463.0,463.0
non_defected/IMG_9624 Top Cup 146 (1).JPG,1,1054.008544921875,1055.3131103515625,462.0,462.0,462.0,461.0,460.0,460.0,461.0,460.0,460.0,460.0,460.0,460.0,459.0,459.0,458.0,459.0,459.0,459.0,460.0,462.0,460.0,460.0,459.0,460.0,460.0,461.0,461.0,462.0,461.0,460.0,460.0,460.0,461.0,462.0,462.0,462.0
non_defected/IMG_9627 Top Cup 147 (1).JPG,1,1036.7684326171875,993.421142578125,463.0,463.0,464.0,465.0,465.0,465.0,465.0,465.0,465.0,464.0,462.0,459.0,457.0,455.0,453.0,451.0,453.0,455.0,456.0,457.0,458.0,460.0,462.0,463.0,463.0,464.0,462.0,461.0,460.0,460.0,460.0,459.0,458.0,459.0,460.0,461.0
non_defected/IMG_9630 Top Cup 148 (1).JPG,1,961.6969604492188,982.6155395507812,460.0,459.0,459.0,459.0,459.0,459.0,459.0,458.0,459.0,456.0,457.0,458.0,459.0,461.0,462.0,462.0,463.0,463.0,463.0,462.0,461.0,460.0,460.0,460.0,459.0,460.0,460.0,461.0,461.0,461.0,461.0,461.0,461.0,461.0,460.0,460.0
non_defected/IMG_9633 Top Cup 149 (1).JPG,1,797.960693359375,829.6911010742188,462.0,462.0,462.0,461.0,458.0,457.0,458.0,458.0,458.0,458.0,458.0,459.0,460.0,461.0,461.0,462.0,463.0,461.0,461.0,460.0,460.0,459.0,459.0,459.0,459.0,460.0,462.0,463.0,463.0,463.0,463.0,462.0,462.0,463.0,463.0,463.0
